name,register,AA sequence,affinity_score,cc_score,total_score,min score (MARCOIL),max score (MARCOIL),average score (MARCOIL),Length CC Threshold 10,Length CC Threshold 50
>CC1 ,defgabcdefgabcdefgabcdefga,AAQIIAAISQQIAALQQKRAALEQSI,1.212053054,1.307379844,2.519432898,14.1,77.9,63.207692307692305,26,20
>CC2 ,defgabcdefgabcdefgabcdefga,AEQQIAAVAQEIAALAQIQAALKQLI,1.300958562,1.157747571,2.458706134,16.0,46.1,40.66923076923077,26,0
>CC3 ,defgabcdefgabcdefgabcdefga,CQQKIAAVAQEIAAGAQIQAALKQLI,1.502427263,1.00675334,2.509180603,0.2,1.9,1.5423076923076926,0,0
>CC4 ,defgabcdefgabcdefgabcdefga,EAQIIAAIQQEIAALEQAIAALRQRI,1.554409083,1.327378464,2.881787546,7.8,95.1,78.61153846153846,25,22
>CC5 ,defgabcdefgabcdefgabcdefga,EEQEIAAIEQVIAALQQKVAALEQSI,1.44860616,1.166951391,2.615557551,30.3,98.5,89.40384615384617,26,24
>CC6 ,defgabcdefgabcdefgabcdefga,EEQKIAAIEQSIAAVDQARAALDQAI,1.416220253,1.274112059,2.690332312,6.6,23.7,20.149999999999995,24,0
>CC7 ,defgabcdefgabcdefgabcdefga,EEQQIAAILQRQAAVFQIRAALEQEM,1.586952978,1.189456979,2.776409958,1.9,6.2,5.461538461538462,0,0
>CC8 ,cefgabbcdefgabcdefgabcdefg,EEQQIAAILQRQAAVVQIRAALMQVR,1.565511321,1.344813432,2.910324753,0.3,2.4,1.7384615384615383,0,0
>CC9 ,defgabcdefgabcdefgabcdefga,EEQVSAAIQQKIAALVQDRAALEQAI,1.095470693,0.723034935,1.818505627,4.3,33.2,26.226923076923075,25,0
>CC10 ,defgabcdefgabcdefgabcdefga,EGQIIAAIEQEIAAFKQIIAALEQAQ,1.464148102,1.267092453,2.731240556,2.2,48.0,37.62692307692308,23,0
>CC11 ,defgabcdefgabcdefgabcdefga,EGQIIAAIEQEIAAFKQIIAALEQAR,1.54789787,1.336177272,2.884075142,2.3,49.5,39.03846153846153,24,0
>CC12 ,defgabcdefgabcdefgabcdefga,EIQEIAAIEQRIAAVDQKRAALVQRI,1.550970188,1.379648492,2.930618679,5.5,44.6,37.49615384615385,25,0
>CC13 ,defgabcdefgabcdefgabcdefga,EIQEIAAIEQTIAALRQIKAALRQEI,1.548955909,1.59058863,3.139544538,10.2,83.5,73.89230769230768,26,23
>CC14 ,defgabcdefgabcdefgabcdefga,EKQMIAAIEQVKAAFLQERAALEQEI,1.397851167,1.177817648,2.575668815,7.2,35.3,31.130769230769236,25,0
>CC15 ,defgabcdefgabcdefgabcdefga,ENQLIAAIEQVIAAFTQERAALQQEI,1.627948652,1.287366863,2.915315515,6.0,38.5,33.39615384615385,25,0
>CC16 ,defgabcdefgabcdefgabcdefga,ERQMIAAIEQAIAALEQELAALKQII,1.296342656,1.06394727,2.360289926,19.1,97.1,82.39615384615385,26,22
>CC17 ,defgabcdefgabcdefgabcdefga,ERQNIAAIEQQIAALSQTRAALEQII,1.634695228,1.455339771,3.090034998,14.7,74.5,63.484615384615374,26,22
>CC18 ,defgabcdefgabcdefgabcdefga,ERQNIAAMEQQIAALSQLRAALKQRI,1.490486349,1.035669114,2.526155463,14.6,74.1,64.62692307692309,26,23
>CC19 ,defgabcdefgabcdefgabcdefga,ETQIIAAIEQQIAASLQIRAALEQEL,1.625212843,1.130847234,2.756060077,3.2,28.2,23.919230769230765,24,0
>CC20 ,dfgabcdefgabcdefgabcdefga,FAQIIAAISQQIAAHSQARAALNQII,1.214680774,1.287277278,2.501958052,0.1,1.7,1.3279999999999998,0,0
>CC21 ,defgabcdefgabcdefgabcdefga,FEQIIAAIHQEIAAFKQFRAALQQAL,1.748776845,1.409540023,3.158316868,0.5,2.2,1.7807692307692304,0,0
>CC22 ,defgabcdefgabcdefgabcdefa,FEQIIAAIHQEIAAFKQFRAAMQQAI,1.48602899,0.687804635,2.173833625,0.2,1.1,0.8479999999999999,0,0
>CC23 ,defgabcdefgabcdefgabcdefga,FIQHIAAIQQQIAALSQDRAALYQAI,1.057546997,1.584455657,2.642002653,1.3,18.4,13.48076923076923,18,0
>CC24 ,defgabcdefgabcdefgabcdefga,FKQIIAAISQQIAAAKQLRAALEQRI,1.504106068,1.179508593,2.683614661,7.2,47.3,39.68846153846154,25,0
>CC25 ,defgabcdefgabcdefgabcdefga,FLQMIAAIEQKIAALEQKRAALQQNR,1.313032681,1.427491665,2.740524346,11.1,94.5,77.6846153846154,26,22
>CC26 ,defgabcdefgabcdefgabcdefga,FLQMIAAIEQKIAALEQSIAALQQAI,1.305782614,1.418885088,2.724667702,11.2,95.5,80.51923076923077,26,23
>CC27 ,defgabcdefgabcdefgabcdefga,FLQMIAAIEQKIAALEQSRAALQQLI,1.428519581,1.515739514,2.944259095,10.2,87.1,72.6,26,21
>CC28 ,defgabcdefgabcdefgabcdefga,GIQIIAAIEQQIAAVLQKIAALQQQI,1.336759851,1.147865308,2.484625159,1.4,84.5,69.86153846153846,25,21
>CC29 ,defgabcdefgabcdefgabcdefga,HEQENAALEQEIAALSQKRAALEQII,0.328229183,-0.460383277,-0.132154093,24.5,99.0,88.1846153846154,26,23
>CC30 ,defgabcdefgabcdefgabcdefga,HRQEIAAIQQKHAAVRQFRAALRQRI,1.132172903,1.158804562,2.290977464,1.3,7.0,5.684615384615384,0,0
>CC31 ,defgabcdefgabcdefgabcdefga,HRQLIAAIEQQVAAFTQEIAALQQNI,1.223727714,0.918417773,2.142145486,11.8,79.5,68.33846153846154,26,22
>CC32 ,defgabcdefgabcdefgabcdefga,IAQIIAAIEQEIAAFKQLRAALQQQI,1.302043354,1.270594495,2.572637849,9.6,57.9,49.01153846153846,25,18
>CC33 ,defgabcdefgabcdefgabcdefga,IAQIIAAIEQEIAALRQIKAALEQSI,1.358372911,1.502551868,2.860924778,12.8,81.2,66.78846153846153,26,20
>CC34 ,defgabcdefgabcdefgabcdefga,IAQIIAAIEQVIAATQQKRAALEQSI,1.316414406,1.074521144,2.390935549,4.4,28.4,23.15,24,0
>CC35 ,defgabcdefgabcdefgabcdefga,IEQEIAAIEQEIAACHQERAALEQII,1.59979467,1.18544875,2.78524342,28.2,85.0,76.40384615384616,26,23
>CC36 ,defgabcdefgabcdefgabcdefga,IEQEIAAIEQEIAACHQLRAALEQII,1.621811259,1.168642028,2.790453287,17.2,57.5,49.73076923076923,26,19
>CC37 ,defgabcdefgabcdefgabcdefga,IEQIIAAIKQEIAALVQNRAALQQII,1.636421124,1.467198087,3.103619211,15.0,47.9,41.29615384615386,26,0
>CC38 ,defgabcdefgabcdefgabcdefga,IEQMLAAISQEIAAEIQILAALEQEI,0.623994277,-0.042133624,0.581860654,23.7,55.5,51.330769230769235,26,20
>CC39 ,defgabcdefgabcdefgabcdefga,IEQQIAAIEQQIAALSQDRAALEQAI,1.547352301,1.391278425,2.938630726,42.7,97.6,89.54230769230769,26,24
>CC40 ,defgabcdefgabcdefgabcdefga,IIQIIAAIMQEIAAFEQNRAALVQLI,1.521151615,1.298116601,2.819268216,0.7,5.5,4.076923076923077,0,0
>CC41 ,defgabcdefgabcdefgabcdefga,IIQQIAAIAQRQAAVEQILAALMQVI,0.990333608,0.895050981,1.885384589,1.4,7.6,5.957692307692306,0,0
>CC42 ,dbcdefgabca,IIQQIAAIAQRQAAVFQIRAALMQVI,1.20525803,1.284759688,2.490017718,0.1,0.6,0.49090909090909085,0,0
>CC43 ,defgabcdefgabcdefgabcdefga,ILQQIAATKQRIAAAEQIRAALIQAI,0.885793004,0.738945755,1.624738759,6.2,23.6,19.176923076923078,23,0
>CC44 ,defgabcdefgabcdefgabcdefga,IQQKIAAIKQAIAAFTQERAALQQAI,1.43198743,1.231567345,2.663554775,21.1,50.5,45.661538461538456,26,10
>CC45 ,defgabcdefgabcdefgabcdefga,ISQEIAAIFQQIAASEQNRAALQQII,1.407370211,1.241069958,2.648440168,3.1,12.8,10.676923076923076,20,0
>CC46 ,efgabcdefgabcdefgabcdefgde,KQQKIAAISQLQAAEEQARAALEQLI,1.955086806,1.084352973,3.039439778,13.6,65.8,52.35384615384615,26,17
>CC47 ,dfgabcdefgabcdefgabcdefga,KVQIYAAIEQRIAAFTQERAALFQAI,1.002474224,0.547274462,1.549748686,0.2,4.8,3.448,0,0
>CC48 ,defgabcdefgabcdefgabcdefga,LAQHIAAIAQQIAALSQIRAALEQEA,1.200476427,1.377429575,2.577906001,13.6,38.4,32.784615384615385,26,0
>CC49 ,defgabcdefgabcdefgabcdefga,LAQKIAAIEQTLAALHQSRAALQQAL,0.517127492,0.798773648,1.31590114,24.0,55.5,49.376923076923084,26,18
>CC50 ,defgabcdefgabcefgabcdefgab,LAQKIAAVAQEIAASEQIQAARKQLI,1.271821091,1.084816701,2.356637792,1.0,6.1,4.365384615384615,0,0
>CC51 ,defgabcdefgabcdefgabcdefga,LDQHIAAIKQHIAALRQDEAACEQEI,0.69276869,1.053692415,1.746461105,5.6,13.6,11.446153846153846,20,0
>CC52 ,abcdefgabcdefgabcdefgabcde,LDQHIAAISQLWAAEEQARAALEQLI,1.689758274,1.630263346,3.32002162,1.3,7.2,4.88076923076923,0,0
>CC53 ,defgabcdefgabcdefgabcdefga,LEQAIAAIMQQMAASEQTRAALLQIY,1.044689306,0.965476295,2.010165601,1.7,15.2,12.753846153846148,22,0
>CC54 ,defgabcdefgabcdefgabcdefga,LEQAQAAIMQQMAASEQTRAALKQII,1.110121673,1.133415118,2.243536791,3.5,13.9,12.138461538461542,22,0
>CC55 ,defgabcdefgabcdefgabcdefga,LEQEIAAIHQKIAAVFQDRAALQQAI,1.582043992,1.757156936,3.339200928,12.9,32.1,29.16153846153846,26,0
>CC56 ,defgabcdefgabcdefgabcdefga,LEQEIAAIKQEIAALKQARAALKQII,1.679489329,1.892319014,3.571808343,29.7,97.3,88.13461538461539,26,24
>CC57 ,defgabcdefgabcdefgabcdefga,LEQEIAAILQKIAAVFQDRAALQQAI,1.679703363,1.736836632,3.416539995,17.0,42.4,38.46538461538462,26,0
>CC58 ,defgabcdefgabcdefgabcdefga,LEQEIAAIQQKHAAVKQFRAALSQII,1.589227623,1.597515177,3.1867428,1.7,15.0,10.723076923076926,17,0
>CC59 ,defgabcdefgabcdefgabcdefga,LEQENAAIEQEIAAISQKRAALEQII,1.339774644,0.535327454,1.875102098,32.4,96.4,88.63461538461539,26,24
>CC60 ,defgabcdefgabcdefgabcdefga,LEQFIAAIEQRIAALEQNRAALAQII,1.428329878,1.93488153,3.363211408,13.9,59.2,47.08461538461539,26,15
>CC61 ,defgabcdefgabcdefgabcdefga,LEQIIAAIEQEIAAIAQFRAALQQAI,1.835030693,1.686331298,3.521361991,6.7,25.3,20.784615384615385,25,0
>CC62 ,defgabcdefgabcdefgabcdefga,LEQIIAAIEQQIAALSQLIAALDQII,1.827557924,1.89309808,3.720656004,21.1,81.8,71.39999999999999,26,23
>CC63 ,efgabcdefgabcdefgabcdefgab,LEQIIAAIEQQQAAEKQIIAAEKQII,1.094842034,0.749611125,1.844453158,7.3,47.8,39.81923076923077,25,0
>CC64 ,defgabcdefgabcdefgabcdefga,LEQIIAAIEQVIAAHSQARAALNQII,1.643596959,1.743402046,3.386999005,1.7,8.7,7.346153846153845,0,0
>CC65 ,defgabcdefgabcdefgabcdefga,LEQIIAAIEQVIAALQQARAALIQSI,1.761705196,2.042964499,3.804669695,11.7,47.7,40.53846153846155,26,0
>CC66 ,defgabcdefgabcdefgabcdefga,LEQIIAAIEQVIAALQQKIAALLQII,1.887766179,1.903208739,3.790974918,23.4,86.9,76.51153846153846,26,24
>CC67 ,defgabcdefgabcdefgabcdefga,LEQIIAAIEQVIAALQQKRAALEQSI,1.862592321,1.938250835,3.800843156,37.1,92.1,84.18846153846154,26,25
>CC68 ,defgabcdefgabcdefgabcdefga,LEQIIAAIGQEIAALKQARAALKQAI,1.685136729,1.957031619,3.642168348,22.9,57.0,50.77307692307693,26,19
>CC69 ,defgabcdefgabcdefgabcdefga,LEQIIAAIHQRIAAVSQIAAALLQII,1.418084281,1.369964674,2.788048955,0.8,3.6,3.0076923076923077,0,0
>CC70 ,defgabcdefgabcdefgabcdefga,LEQIIAAIKQEIAALEQSRAALRQAI,1.868296087,1.923303407,3.791599494,37.2,92.4,83.53076923076924,26,25
>CC71 ,defgabcdefgabcdefgabcdefga,LEQIIAAIKQEIAAVEQSRAALRQAM,1.659335657,1.205278656,2.864614313,24.1,73.3,65.5807692307692,26,23
>CC72 ,defgabcdefgabcdefgabcdefga,LEQIIAAIKQERAALEQVRAALEQII,1.48765337,1.513450603,3.001103972,24.3,82.2,73.38846153846154,26,24
>CC73 ,defgabcdefgabcdefgabcdefge,LEQIIAAILQLIAAVSQDRAALQQAE,1.417964083,1.311272426,2.729236509,3.2,11.1,9.838461538461537,17,0
>CC74 ,abcdefgabcdefgabcdefgabcde,LEQIIAAILQLQAAFLQARAALKQII,1.70201154,1.72063476,3.422646301,0.9,5.4,4.3961538461538465,0,0
>CC75 ,defgabccdefgabcdefgabcdea,LEQIIAAILQLQAAFLQRRAALIQII,1.7239275,1.712015071,3.435942571,0.2,2.1,1.4879999999999998,0,0
>CC76 ,defgabcdefgabcdefgabcdefga,LEQIIAAIMQTIAAQDQQRAALQQAI,1.685264177,1.671783914,3.357048091,7.0,17.0,15.3,25,0
>CC77 ,defgabcdefgabcdefgabcdefga,LEQIIAAIQQQIAAQQQQRAALQQAI,1.862697003,1.665280676,3.527977678,37.9,89.0,81.53846153846156,26,25
>CC78 ,defgabcdefgabcdefgabcdefga,LEQIIAAISQIIAASEQSRAALQQAI,2.145997635,1.792909506,3.938907141,3.8,10.1,8.992307692307694,2,0
>CC79 ,defgabcdefgabcdefgabcdefga,LEQIIAAIVQVIAAEQQARAALIQSI,1.443964243,1.726284991,3.170249234,0.4,2.7,2.053846153846154,0,0
>CC80 ,defgabcdefgabcdefgabcdefga,LEQIIAAKSQKIAALEQDRAALEQAI,1.32584806,1.448092182,2.773940242,36.6,83.5,74.87692307692306,26,25
>CC81 ,defgabcdefgabcdefgabcdefga,LEQILAAISQEIAALSQARAALKQRI,1.589944369,1.554402815,3.144347184,34.7,67.1,61.76153846153846,26,23
>CC82 ,defgabcdefgabcdefgabcdefga,LEQKIAAIEQRIAALKQLRAALEQRI,1.78732407,1.88707995,3.67440402,54.3,99.1,94.03461538461536,26,26
>CC83 ,defgabcdefgabcdefgabcdefga,LEQKIAAIGQQIAAKDQAIAALRQRQ,1.532618462,1.073113575,2.605732038,7.2,34.7,31.607692307692314,25,0
>CC84 ,defgabcdefgabcdefgabcdefga,LEQKIAAIGQRIAALEQAIAALKQRI,1.609102831,1.790626961,3.399729791,51.9,96.8,91.24615384615383,26,26
>CC85 ,defgabcdefgabcdefgabcdefga,LEQKIAAIHQAIAAFEQEQAALIQDI,1.690940583,1.600011971,3.290952554,18.1,45.3,40.98076923076922,26,0
>CC86 ,defgabcdefgabcdefgabcdefga,LEQKIAAILQAIAAFTQLRAALEQEI,1.839546279,1.672066645,3.511612924,33.1,54.5,52.0576923076923,26,22
>CC87 ,defgabcdefgabcdefgabcdefga,LEQKIAAVAQEIAALEQIQAALKQLI,1.686320816,1.75548907,3.441809886,32.0,87.5,79.11153846153844,26,24
>CC88 ,defgabcdefgabcdefgabcdefga,LEQLIAAIEQQIAAFRQVEAALIQII,1.754226395,1.691337193,3.445563588,3.2,24.4,18.58846153846154,22,0
>CC89 ,defgabcdefgabcdefgabcdefga,LEQLIAAIEQRIAALSQLRAALEQII,1.867783678,1.970302117,3.838085795,27.6,87.1,79.08076923076922,26,24
>CC90 ,abcdefgabcdefgabcdefgabcde,LEQLIAAIEQVIAAFDQMRAALQQAK,1.639436181,1.230064783,2.869500963,14.7,36.8,33.50000000000001,26,0
>CC91 ,defgabcdefgabcdefgabcdefga,LEQLIAAIQQAIAALLQARAALEQEI,1.503985086,1.894188772,3.398173858,53.7,90.0,85.24615384615383,26,26
>CC92 ,defgabcdefgabcdefgabcdefga,LEQLIAAISQQIAASEQNRAAVQQII,1.656190569,1.009462446,2.665653014,4.9,19.2,16.515384615384612,24,0
>CC93 ,defgabcdefgabcdefgabcdefga,LEQLLAAIKQEIAASQQTRAALKQII,1.429964309,1.285444548,2.715408857,16.0,54.3,48.27307692307693,26,17
>CC94 ,defgabcdefgabcdefgabcdefga,LEQMIAAIEQAIAARSQRRAALIQQI,1.630224823,1.865159198,3.495384021,10.5,22.5,20.030769230769234,26,0
>CC95 ,defgabcdefgabcdefgabcdefga,LEQMIAAIMQQIAACEQQRAALEQIA,1.334065426,1.076059358,2.410124784,14.6,68.4,61.7230769230769,26,23
>CC96 ,defgabcdefgabcdefgabcdefga,LEQMQAAILQEMAAFTQKRAALLQII,1.320433284,1.182501084,2.502934368,1.9,8.8,7.203846153846154,0,0
>CC97 ,defgabcdefgabcdefgabcdefga,LEQQIAAIKQVIAALEQKSAALPQII,1.115832656,1.602791695,2.718624351,5.0,64.7,51.134615384615394,24,17
>CC98 ,defgabcdefgabcdefgabcdefga,LEQQIAAIKQVIAATEQKIAALLQII,1.563099586,1.448172044,3.01127163,21.3,79.1,70.96538461538464,26,23
>CC99 ,defgabcdefgabcdefgabcdefga,LEQQIAAIKQVKAALEQKRAALEQKI,1.331968529,1.136788604,2.468757133,55.8,97.9,93.16153846153848,26,26
>CC100 ,defgabcdefgabcdefgabcdefga,LEQQIAAVAQEIAAFAQIQAALKQLI,1.735200422,1.570143829,3.305344251,6.3,19.6,17.0,24,0
>CC101 ,defgabcdefgabcdefgabcdefga,LEQQIAAVAQEIAALAQIQAALKQLI,1.589558335,1.744649482,3.334207817,20.7,59.2,53.05769230769231,26,21
>CC102 ,defgabcdefgabcdefgabcdefga,LEQQIAAVAQEIAALEQIQAALSQII,1.796061644,1.802528612,3.598590255,17.2,78.0,66.38846153846154,26,22
>CC103 ,defgabcdefgabcdefgabcdefga,LEQQIAAVAQSIAALRQNRAALDQQI,0.993020269,1.802898407,2.795918675,36.0,67.3,62.919230769230765,26,24
>CC104 ,defgabcdefgabcdefgabcdefga,LEQQLAAIEQLIAAEEQVRAALEQEI,1.785141129,1.174532035,2.959673164,56.4,94.6,90.26153846153846,26,26
>CC105 ,defgabcdefgabcdefgabcdefga,LEQRIAAIDQQIAALAQIQAALKQLI,1.467761913,1.778701119,3.246463032,18.9,54.6,48.5846153846154,26,16
>CC106 ,defgabcdefgabcdefgabcdefga,LEQRIAAIDQQIAALRQDRAALDQQI,1.175659141,2.012504031,3.188163171,49.8,92.4,86.46923076923078,26,25
>CC107 ,defgabcdefgabcdefgabcdefga,LEQRIAAIDQQIAALRQVRAALDQQI,1.308324173,2.031344688,3.33966886,40.5,78.3,72.35384615384615,26,25
>CC108 ,defgabcdefgabcdefgabcdefga,LEQRIAAIKQQIAALRQDRAALEQQI,1.619969883,1.853239712,3.473209595,58.9,99.3,94.82307692307691,26,26
>CC109 ,defgabcdefgabcdefgabcdefga,LEQRIAAIMQKMAACEQARAALLQEI,1.641423855,1.62622386,3.267647715,25.0,44.7,41.87692307692308,26,0
>CC110 ,defgabcdefgabcdefgabcdefga,LEQRIAATEQQIAALLQLRAALEQEI,1.440312617,1.533632104,2.97394472,59.8,97.8,93.46153846153847,26,26
>CC111 ,defgabcdefgabcdefgabcdefga,LEQVIAAEAQEIAAVLQIRAALEQAV,0.709910157,0.363049762,1.072959918,4.0,12.0,10.38846153846154,19,0
>CC112 ,defgabcdefgabcdefgabcdefga,LEQVIAAIQQKIAALVQDIAALEQII,1.469128526,1.855778228,3.324906753,30.4,89.2,80.7423076923077,26,24
>CC113 ,defgabcdefgabcdefgabcdefga,LEQVIAAIQQKIAALVQDRAAKEQAI,1.02425612,1.05007546,2.07433158,12.4,36.2,31.134615384615394,26,0
>CC114 ,defgabcdefgabcdefgabcdefga,LEQVIAAIQQKIAALVQDRAALEQAI,1.57892011,1.9398938,3.51881391,34.7,79.6,72.81538461538463,26,24
>CC115 ,defgabcdefgabcdefgabcdefga,LEQVIAAIQQKLAALVQDRAALEQAI,1.007860673,1.238678937,2.246539609,35.3,80.9,74.01153846153845,26,25
>CC116 ,defgabcdefgabcdefgabcdefga,LEQVIAAISQQIAASEQMRAALQQII,2.232141779,1.807682295,4.039824074,9.4,30.3,26.800000000000004,25,0
>CC117 ,defgabcdefgabcdefgabcdefga,LEQVIAAITQEIAALEQIQAALSQEM,1.527092026,1.259841166,2.786933192,33.3,72.3,65.01538461538462,26,24
>CC118 ,defgabcdefgabcdefgabcdefga,LFQHIAAIKQHIAAEEQDQAALQQVI,1.136007471,1.5776452,2.713652671,1.3,8.6,6.5576923076923075,0,0
>CC119 ,defgabcdefgabcdefgabcdefga,LFQIIAAIKQRIAALEQRRAALQQII,1.618255081,1.973127598,3.591382679,12.5,77.9,61.98076923076923,26,20
>CC120 ,defgabcdefgabcdefgabcdefga,LFQIIAAISQQIAALSQARAAVQQEI,1.248030196,1.256032509,2.504062705,2.3,16.1,12.876923076923077,21,0
>CC121 ,defgabcdefgabcdefgabcdefga,LFQMIAAIEQAIAALIQKIAALEQII,1.391564322,1.968360008,3.35992433,16.5,77.4,64.38846153846153,26,21
>CC122 ,defgabcdefgabcdefgabcdefga,LGQAIAAIMQQMAASEQTRAALKQII,1.211998911,1.644862338,2.856861248,2.0,7.8,6.2576923076923086,0,0
>CC123 ,defgabcdefgabcdefgabcdefga,LGQKIAAIEQMPAALTQRRAALKQII,0.997060206,1.402229828,2.399290034,3.6,11.6,9.834615384615383,18,0
>CC124 ,defgabcdefgabcdefgabcdefga,LGQKIAAIMQTIAAESQISAALEQRI,1.147361283,1.445726643,2.593087926,0.8,3.0,2.4384615384615382,0,0
>CC125 ,defgabcdefgacdefgabcddefga,LGQKIAAINQKAAAEIQIRAAHEQEI,1.040866909,0.861670025,1.902536934,0.9,4.8,3.588461538461538,0,0
>CC126 ,defgabcdefgabcefgabccdefga,LGQKIAAINQKAAAEIQIRAALKQSI,1.395019192,1.768369846,3.163389037,1.0,5.3,3.9730769230769223,0,0
>CC127 ,defgabcdefgabcdefgabcdefga,LGQMMAAIEQESAALSQEIAALEQEI,0.851182226,0.437071782,1.288254008,26.4,94.4,82.32307692307693,26,24
>CC128 ,defgabcdefgabcdefgabcdefga,LGQRIAAIEQEIAALSQELAALEQAE,1.052285232,1.069236143,2.121521374,12.2,98.3,84.18076923076923,26,22
>CC129 ,defgabcdefgabcdefgabcdefga,LGQRIAAIEQEIAALTQERAALQQAI,1.585272401,1.960027283,3.545299684,33.6,95.9,83.98846153846155,26,23
>CC130 ,defgabcdefgabcdefgabcdefga,LGQRIAAIEQEIAAVKQIAAALEQII,1.253800605,1.374575509,2.628376114,24.9,74.8,64.45,26,22
>CC131 ,defgabcdefgabcdefgabcdefga,LHQTIAAIRQVTAAASQIRAALEQEI,1.1433181,1.640490849,2.783808949,1.4,6.1,4.746153846153844,0,0
>CC132 ,defgabcdefgabcdefgabcdefga,LIQAIAAILQEIAALSQKRAALEQII,1.643020138,1.979968796,3.622988934,21.8,64.7,54.83461538461539,26,20
>CC133 ,defgabcdefgabcdefgabcdefga,LIQDIAAIGQQIAAFKQLRAALQQMI,1.588564604,1.838510978,3.427075582,3.6,10.2,8.434615384615386,3,0
>CC134 ,defgabdefgabcdefgabcdefgab,LIQEIAAIDQIAAASEQNRAALRQIR,1.22069532,1.515047069,2.735742389,1.7,9.9,7.392307692307692,0,0
>CC135 ,defgabcdefgabcdefgabcdefga,LIQEIAAIDQVIAAVQQSRAALQQAI,1.535595213,1.823613209,3.359208422,6.1,15.3,13.280769230769229,22,0
>CC136 ,defgabcdefgabcdefgabcdefga,LIQEIAAIEQAIAALEQELAALKQII,1.256903663,1.588081879,2.844985542,31.6,99.0,87.4423076923077,26,23
>CC137 ,defgabcdefgabcdefgabcdefga,LIQEIAAIEQAIAALRQIKAALEQQI,1.681610322,2.048657078,3.7302674,44.5,94.4,86.8846153846154,26,25
>CC138 ,defgabcdefgabcdefgabcdefga,LIQEIAAIEQEEAALRQIKAALEQRI,1.520694609,1.522722962,3.043417571,41.5,90.1,81.87307692307692,26,24
>CC139 ,defgabcdefgabcdefgabcdefga,LIQEIAAIEQEEAAVDQARAALQQKI,1.477450812,1.577839482,3.055290294,21.4,55.9,48.56538461538461,26,17
>CC140 ,defgabcdefgabcdefgabcdefga,LIQEIAAIEQEIAACHQKRAALEQII,1.788430664,1.722956914,3.511387578,19.6,59.7,52.38461538461539,26,20
>CC141 ,defgabcdefgabcdefgabcdefga,LIQEIAAIEQEIAAKDQAVAALQQAI,1.4509361,1.430023794,2.880959893,31.1,74.0,66.0576923076923,26,22
>CC142 ,defgabcdefgabcdefgabcdefga,LIQEIAAIEQEIAALRQIRAALRQEL,1.595518288,1.571662919,3.167181206,45.9,96.5,88.71923076923078,26,25
>CC143 ,defgabcdefgabcdefgabcdefga,LIQEIAAIEQEIAAVDQDRAALEQRI,1.68105269,1.788899764,3.469952454,43.7,91.9,84.21153846153848,26,25
>CC144 ,defgabcdefgabcdefgabcdefga,LIQEIAAIEQEIAAVEQARAALQQAI,1.875981918,1.831347513,3.707329431,39.3,93.5,83.5769230769231,26,24
>CC145 ,defgabcdefgabcdefgabcdefga,LIQEIAAIEQEIAAVEQSRAALEQEI,1.855398086,1.755747626,3.611145712,46.6,98.1,90.8307692307692,26,25
>CC146 ,defgabcdefgabcdefgabcdefga,LIQEIAAIEQEIAAVLQIRAALIQII,1.760408221,1.838322522,3.598730743,5.1,29.1,22.407692307692308,24,0
>CC147 ,defgabcdefgabcdefgabcdefga,LIQEIAAIEQQIAAFFQRWAALEQII,1.436889161,1.590866595,3.027755756,4.6,17.7,14.12692307692308,23,0
>CC148 ,defgabcdefgabcdefgabcdefga,LIQEIAAIEQRIAALDQKRAALQQAI,1.678350481,2.094194398,3.772544879,39.9,93.8,84.16923076923078,26,24
>CC149 ,defgabcdefgabcdefgabcdefga,LIQEIAAIEQRIAALSQDRAALQQGI,1.525863822,2.05534189,3.581205712,15.7,82.8,71.14615384615385,26,22
>CC150 ,defgabcdefgabcdefgabcdefga,LIQEIAAIEQRIAALSQDRAALQQGR,1.296296115,1.680003317,2.976299432,5.9,80.7,68.34615384615385,25,21
>CC151 ,defgabcdefgabcdefgabcdefga,LIQEIAAIEQRIAAVDQKRAALQQNI,1.642899267,1.85609629,3.498995557,34.5,79.6,71.41153846153846,26,22
>CC152 ,defgabcdefgabcdefgabcdefga,LIQEIAAIEQRIAAVDQSIAALQQQI,1.404841213,1.736065715,3.140906927,42.3,89.1,82.03461538461539,26,25
>CC153 ,defgabcdefgabcdefgabcdefga,LIQEIAAIEQVAAAVQQAIAALQQII,1.71166608,1.656567467,3.368233547,17.4,54.3,47.71153846153847,26,18
>CC154 ,defgabcdefgabcdefgabcdefga,LIQEIAAIEQVIAALQQKRAALEQQI,1.790833341,1.936450556,3.727283897,46.1,97.5,89.94615384615385,26,25
>CC155 ,defgabcdefgabcdefgabcdefga,LIQEIAAIEQVIAATQQKIAALEQHI,1.661796248,1.561988489,3.223784737,31.1,84.8,75.79615384615386,26,22
>CC156 ,defgabcdefgabcdefgabcdefga,LIQEIAAIEQVIAATQQKRAALEQSI,1.739969061,1.629297338,3.369266399,27.8,68.5,61.44615384615385,26,22
>CC157 ,defgabcdefgabcdefgabcdefga,LIQEIAAIEQVIAAVIQIRAALIQVI,1.658294905,1.869399896,3.5276948,0.4,3.4,2.453846153846154,0,0
>CC158 ,defgabcdefgabcdefgabcdefga,LIQEIAAIHQKIAAVFQDQAALQQAI,1.213102441,1.690527287,2.903629728,2.5,6.3,5.446153846153847,0,0
>CC159 ,defgabcdefgabcdefgabcdefga,LIQEIAAIKQEIAALEQIQAAKKQKI,0.961883792,0.900032973,1.861916764,27.4,71.6,59.41538461538463,26,19
>CC160 ,defgabcdefgabcdefgabcdefga,LIQEIAAIKQEIAALEQIQAALKQLI,1.637294862,1.778084214,3.415379075,32.3,88.4,77.04615384615386,26,23
>CC161 ,defgabcdefgabcdefgabcdefga,LIQEIAAIKQHIAALRQDRAALQQQA,1.094226222,1.418635792,2.512862013,35.4,82.8,75.10384615384615,26,23
>CC162 ,defgabcdefgabcdefgabcdefga,LIQEIAAIKQHIAALRQDRAALQQQI,1.403026102,2.010644736,3.413670838,41.0,87.0,79.81153846153846,26,25
>CC163 ,defgabcdefgabcdefgabcdefga,LIQEIAAIKQHMAALRQDRAALQQQI,1.022536931,1.392915102,2.415452033,39.1,83.1,76.21153846153844,26,23
>CC164 ,defgabcdefgabcdefgabcdefga,LIQEIAAINQRRAALDQKRAALQQAI,1.258935455,1.63963226,2.898567715,25.9,61.4,54.776923076923076,26,21
>CC165 ,defgabcdefgabcdefgabcdefga,LIQEIAAISQLQAALEQARAALRQRI,1.564846424,1.557411163,3.122257587,15.1,55.4,43.869230769230775,26,13
>CC166 ,defgabcdefgabcdefgabcdefga,LIQEIAAIYQEIAAMEQRVAALQQAI,1.379665911,1.522248923,2.901914834,36.2,84.1,74.46923076923078,26,23
>CC167 ,defgabcdefgabcdefgabcdefga,LIQEIAAIYQESAAMEQRRAALEQEI,1.641067586,1.676587943,3.317655529,27.3,62.0,55.75000000000001,26,22
>CC168 ,defgabcdefgabcdefgabcdefga,LIQEIAASEQAAAAVQQIIAALMQLL,1.230146894,0.889494499,2.119641393,5.7,17.0,14.45,22,0
>CC169 ,defgabcdefgabcdefgabcdefga,LIQEIAATSQQIAASEQQRAALLQQI,1.40522168,1.436716979,2.841938658,22.4,49.7,44.46538461538462,26,0
>CC170 ,defgabcdefgabcdefgabcdefga,LIQEIAATYQEIAAMEQRRAALEQII,1.290061805,1.423105097,2.713166901,19.2,56.7,48.58076923076924,26,16
>CC171 ,defgabcdefgabcdefgabcdefga,LIQEIAAVQQEIAALEQAIAALRQAI,1.670779553,1.85009194,3.520871493,40.8,98.3,87.88461538461539,26,24
>CC172 ,defgabcdefgabcdefgabcdefga,LIQEIAAVQQEIAALEQAIAALRQRI,1.670779553,1.82691579,3.497695343,46.8,99.0,90.2423076923077,26,25
>CC173 ,defgabcdefgabcdefgabcdefga,LIQEVAAIQQMIAALEQSMAAEQQNI,0.896620565,0.991789311,1.888409876,26.1,71.8,61.82307692307691,26,21
>CC174 ,defgabcdefgabcdefgabcdefga,LIQHIAAAQQQIAALSQIRAALEQEI,1.145177629,1.308383476,2.453561104,27.1,79.3,69.7423076923077,26,22
>CC175 ,defgabcdefgabcdefgabcdefga,LIQHIAAFQQQIAASEQIRAALQQII,1.430774217,1.301701202,2.732475418,3.8,12.6,10.13076923076923,17,0
>CC176 ,defgabcdefgabcdefgabcdefga,LIQHIAAIEQQKAASSQNRAALEQEI,1.771488384,1.597900035,3.369388419,9.4,28.6,25.011538461538468,25,0
>CC177 ,defgabcdefgabcdefgabcdefga,LIQHIAAIEQQKAASSQNRAALQQAI,1.708369901,1.656693199,3.3650631,2.8,9.7,7.880769230769231,0,0
>CC178 ,defgabcdefgabcdefgabcdefga,LIQHIAAIEQQKAASSQNRAALQQRI,1.708369901,1.643954345,3.352324246,4.4,14.0,11.842307692307692,20,0
>CC179 ,defgabcdefgabcdefgabcdefga,LIQHIAAIEQQKAASYQNRAALQQRI,1.409374325,1.635550984,3.044925309,1.8,5.9,4.834615384615385,0,0
>CC180 ,defgabcdefgabcdefgabcdefga,LIQHIAAIQQAIAAFTQEIAALQQQI,1.369162136,1.710251682,3.079413818,21.7,65.2,56.71153846153846,26,21
>CC181 ,defgabcdefgabcdefgabcdefga,LIQHIAAIQQAIAAFTQERAALQQLI,1.644264955,1.821878896,3.46614385,6.6,20.3,17.115384615384617,23,0
>CC182 ,defgabcdefgabcdefgabcdefga,LIQHIAAIQQQIAALSQDRAALEQAI,1.481581744,1.99608742,3.477669164,24.9,73.7,63.026923076923076,26,20
>CC183 ,defgabcdefgabcdefgabcdefga,LIQHIAAIQQQIAALSQDRAALYQAI,1.242782343,2.020474734,3.263257077,5.6,24.1,18.573076923076925,23,0
>CC184 ,defgabcdefgabcdefgabcdefga,LIQHIAAIQQQIAASEQIRAALQQAI,1.967975313,1.831761156,3.799736469,8.9,27.3,22.957692307692312,25,0
>CC185 ,defgabcdefgabcdefgabcdefga,LIQHIAAIQQRIAALKQLRAALEQRI,1.639271011,1.942410827,3.581681838,27.5,82.3,71.26153846153846,26,22
>CC186 ,defgabcdefgabcdefgabcdefga,LIQHIAAIQQTIAACVQIEAALEQEA,1.290298204,1.034699235,2.324997439,0.5,1.9,1.584615384615384,0,0
>CC187 ,defgabcdefgabcdefgabcdefga,LIQHIAAIQQTIAASEQARAALEQII,1.868445992,1.807116683,3.675562675,5.9,19.3,15.8,22,0
>CC188 ,abcaecdefgabcdefgabcdefgab,LIQHIAAISQLQAAEEQARAALEQII,1.855219063,1.689414378,3.544633441,2.2,45.1,31.592307692307696,21,0
>CC189 ,abgabcdefgabcdefgabcdefgae,LIQHIAAISQLQAAEEQGRAALQQAI,1.656314719,1.707957047,3.364271766,0.4,6.6,4.446153846153847,0,0
>CC190 ,defgabcdefgabcdefgabcdefga,LIQHIAAMRQQIAALSQDRAALYQAI,0.722406199,1.624854291,2.34726049,4.0,17.0,13.115384615384615,19,0
>CC191 ,defgabcdefgabcdefgabcdefga,LIQHLAAIQQQIAALSQTRAALEQEA,1.069777892,0.944969386,2.014747278,27.0,78.9,68.65384615384613,26,22
>CC192 ,efgabcdefgabcdefgabcdefgab,LIQIIAAIEQLQAAEEQIRAALEQRI,1.934807964,1.671168838,3.605976802,7.0,71.1,52.98076923076923,24,17
>CC193 ,defgabcdefgabcdefgabcdefga,LIQIIAAIEQVLAALQQKRAAKEQSI,0.686696179,0.358691451,1.04538763,10.0,33.9,27.0,25,0
>CC194 ,defgabcdefgabcdefgabcdefga,LIQIIAAIIQEIAALEQIQAALEQEI,1.782678467,1.808760154,3.591438621,21.5,74.0,62.50769230769232,26,21
>CC195 ,defgabcdefgabcdefgabcdefga,LIQIIAAIKQEIAALQQAIAALQQII,1.663449606,1.854256895,3.517706501,28.0,88.0,73.12692307692308,26,21
>CC196 ,da,LIQIIAAIMQAIAACFQCRAALEQII,1.346729953,1.718427738,3.065157691,0.0,0.0,0.0,0,0
>CC197 ,defgabcdefgabcdefgabcdefga,LIQIIAAIMQAIAACHQERAALEQII,1.61383001,1.733066715,3.346896725,0.6,2.4,1.842307692307692,0,0
>CC198 ,defgabcdefgabcdefgabcdefga,LIQIIAAIQQRIAAFRQKRAALAQII,1.558869774,1.824343771,3.383213545,3.3,13.6,10.77692307692308,18,0
>CC199 ,defgabcdefgabcdefgabcdefga,LIQIIAAIRQEQAALEQAIAALLQRI,1.459182561,1.42598757,2.885170131,20.9,66.8,56.111538461538466,26,20
>CC200 ,dcda,LIQIIAAISQCIAAVIQIRAALQQII,1.482195045,1.786969276,3.269164321,0.1,0.5,0.30000000000000004,0,0
>CC201 ,da,LIQIIAAISQCIAAVIQSVAALIQAI,1.121800802,1.541039108,2.66283991,0.1,0.1,0.1,0,0
>CC202 ,defgabcdefgabcdefgabcdefga,LIQIIAAISQEAAAMEQTRAALKQLI,1.773162104,1.624326172,3.397488275,5.9,21.6,17.392307692307693,23,0
>CC203 ,defgabcdefgabcdefgabcdefga,LIQIIAAISQEIAAFRQVIAALLQRI,1.743472356,1.730479003,3.473951359,2.9,9.6,7.969230769230767,0,0
>CC204 ,defgabcdefgabcdefgabcdefga,LIQIIAAISQEIAALEQNRAALQQIL,1.610216541,1.455938628,3.066155169,19.3,64.1,52.23461538461538,26,18
>CC205 ,defgabcdefgabcdefgabcdefga,LIQIIAAISQEMAALKQLRAALEQRI,1.521632443,1.314110086,2.835742529,18.9,64.9,54.45384615384614,26,19
>CC206 ,defgabcabcdefgabcdefgdefga,LIQIIAAISQQQAALSQARAALDQEI,1.349582791,1.614076554,2.963659344,2.7,12.7,9.942307692307692,16,0
>CC207 ,defgabcdefgabcdefgabcdefga,LIQIIAAITQQIAALSQSIAALQQAR,1.101300831,1.546638771,2.647939602,8.2,40.7,33.17307692307692,25,0
>CC208 ,defgabcdefgabcdefgabcdefga,LIQIIAALMQEIAACIQKIAALEQII,1.053858737,1.405095696,2.458954433,10.2,31.0,26.126923076923074,26,0
>CC209 ,defgabcdefgabcdefgabcdefga,LIQIIAATRQEQAALEQAIAALLQAI,1.075678056,1.064108449,2.139786505,11.2,39.4,31.411538461538463,26,0
>CC210 ,defgabcdefgabcdefgabcdefga,LIQILAAIEQQIAASHQQRAALQQGI,1.441348866,1.328159061,2.769507927,3.3,17.8,14.36153846153846,22,0
>CC211 ,defgabcdefgabcdefgabcdefga,LIQILAAKSQKIAALVQAIAALRQLI,0.638779498,0.782714549,1.421494046,3.1,12.0,9.442307692307693,14,0
>CC212 ,defgabcdefgabcdefgabcdefga,LIQIRAAIEQQIAAVVQKVAALQQKI,1.293532792,0.962936493,2.256469284,13.2,57.8,47.72692307692307,26,17
>CC213 ,dfgabcdefgabcdefgabcdefga,LIQIWAAIEQQIAAVLQIQAALKQLI,1.333323311,1.008834577,2.342157887,0.4,5.1,3.78,0,0
>CC214 ,defgabcdefgabcdbcdefgabcda,LIQKGAAIGQQIAAFKQLRAALQQLI,1.513489223,1.178811165,2.692300387,0.4,4.9,3.1038461538461535,0,0
>CC215 ,defgabcdefgabcdefgabcdefga,LIQKIAAIEQEIAAMHQKRAALEQIE,1.426035693,1.28561754,2.711653233,6.5,75.4,64.57307692307691,25,22
>CC216 ,defgabcdefgabcdefgabcdefga,LIQKIAAIGQEIAALEQAIAALRQLI,1.641009809,1.935178362,3.576188171,33.3,85.7,74.46153846153845,26,22
>CC217 ,defgabcdefgabcdefgabcdefga,LIQKIAAIGQKIAALEQAIAALRQRI,1.530189009,1.926775001,3.45696401,37.9,87.8,78.05,26,23
>CC218 ,defgabcdefgabcdefgabcdefga,LIQKIAAIGQQGAALRQIKAALEQSC,0.742272388,0.881181223,1.623453611,0.8,6.0,4.692307692307693,0,0
>CC219 ,defgabcdefgabcdefgabcdefga,LIQKIAAIGQQIAAFKQLRAALFQQI,1.540053228,1.867397961,3.407451189,1.5,3.9,3.2461538461538457,0,0
>CC220 ,defgabcdefgabcdefgabcdefga,LIQKIAAIGQQIAAFQQLRAALQQRI,1.894305736,1.879531232,3.773836967,10.9,25.7,22.74230769230769,26,0
>CC221 ,defgabcdefgabcdefgabcdefga,LIQKIAAIGQRIAAEEQARAALEQAI,1.826925408,1.75095983,3.577885238,12.4,30.5,26.184615384615384,26,0
>CC222 ,defgabcdefgabcdefgabcdefga,LIQKIAAIGQRIAAEIQIRAALQQQI,1.588662693,1.741087287,3.32974998,1.9,4.6,4.007692307692308,0,0
>CC223 ,defgabcdefgabcdefgabcdefga,LIQKIAAIGQRIAALEQARAALKQLI,1.689738781,1.981222507,3.670961288,21.1,55.3,47.23076923076921,26,15
>CC224 ,defgabcdefgabcdefgabcdefga,LIQKIAAIKQVTAAASQIRAALEQEI,1.745214682,1.660841518,3.4060562,3.2,10.4,8.615384615384617,9,0
>CC225 ,defgabcdefgabcdefgabcdefga,LIQKIAAIMQTIAAQDQRRAALQQAI,1.525184806,1.72934241,3.254527216,4.4,10.7,9.315384615384614,14,0
>CC226 ,defgabcdefgabcdefgabcdefga,LIQKIAAIMQVIAALQQKRAALEQSI,1.488635676,1.967434949,3.456070625,25.7,63.2,55.11538461538463,26,21
>CC227 ,defgabcdefgabcdefgabcdefga,LIQKIAAINQKAAAFRQVMAALRQRI,1.305314112,1.800460241,3.105774353,10.5,23.2,20.861538461538462,26,0
>CC228 ,defgabcdefgabcdefgabcdefga,LIQKIAALQQKVAAISQKRAALQQII,0.582107175,0.809002152,1.391109327,26.0,80.8,70.88076923076925,26,22
>CC229 ,abcdefgabcdefgabcdefgabcde,LIQLIAAIEQVIAACHQVRAALDQII,1.427989705,1.817006489,3.244996194,0.3,1.9,1.519230769230769,0,0
>CC230 ,defgabcdefgabcdefgabcdefga,LIQLLAAIEQVIAALRQVVAALMQRI,1.102225859,1.199756406,2.301982265,11.3,30.7,26.146153846153844,26,0
>CC231 ,defgabcdefgabcdefgabcdefga,LIQMIAAIEQAIAALVQIRAALEQGW,1.261239093,1.529582839,2.790821932,0.3,17.9,14.319230769230773,22,0
>CC232 ,defgabcdefgabcdefgabcdefga,LIQNIAAIEQEIAALRQIHAALKQII,1.415095611,1.840931974,3.256027584,18.9,65.1,54.073076923076925,26,19
>CC233 ,defgabcdefgabcdefgabcdefga,LIQQIAAIEQEIAALSQKRAALEQII,1.91697121,2.000884218,3.917855427,32.5,96.1,85.13076923076922,26,23
>CC234 ,defgabcdefgabcdefgabcdefga,LIQQIAAISQRIAALSQIVAACEQII,0.810953199,1.017236601,1.8281898,2.4,11.1,8.88076923076923,13,0
>CC235 ,defgabcdefgabcdefgabcdefga,LIQQIAAISQRIAALSQLRAALEQII,1.668660292,2.017095822,3.685756114,14.7,44.9,39.01923076923077,26,0
>CC236 ,defgabcdefgabcdefgabcdefga,LIQQIAAISQVIAAFTQMRAALQQAK,1.344311268,1.27035525,2.614666518,1.0,3.2,2.692307692307693,0,0
>CC237 ,defgabcdefgabcdefgabcdefga,LIQRIAAIEQLIAALSQVRAALKQAI,1.732862348,2.03195027,3.764812618,12.7,37.3,31.1,26,0
>CC238 ,defgabcdefgabcdefgabcdefga,LIQRIAAIEQMIAALSQIRAALSQRI,1.750749695,2.08969473,3.840444425,14.5,33.6,28.84615384615385,26,0
>CC239 ,defgabcdefgabcdefgabcdefga,LIQRIAAIEQQIAALSQLAAALKQII,1.497269336,1.578874208,3.076143543,24.0,78.1,67.38846153846154,26,22
>CC240 ,defgabcdefgabcdefgabcdefge,LIQRIAAIEQQIAAVSQLRAALKQIQ,1.563548973,1.373561822,2.937110795,6.5,35.6,29.192307692307693,25,0
>CC241 ,defgabcdefgabcdefgabcdefga,LIQRIAAIEQSIAALEQLRAALGQQI,1.364407441,1.988412987,3.352820428,30.0,68.4,59.04230769230769,26,21
>CC242 ,defgabcdefgabcdefgabcdefga,LIQRIAAIGQLIAAKTQERAALEQII,1.535326517,1.685796139,3.221122656,2.4,7.3,5.980769230769232,0,0
>CC243 ,defgabcdefgabcdefgabcdefga,LIQRIAAIKQQIAALSQLRAALKQLI,1.762074082,1.940662701,3.702736783,21.7,58.9,50.642307692307696,26,19
>CC244 ,defgabcdefgabcdefgabcdefga,LIQRIAAIRQQIAALSQDRAALEQAI,1.401148081,2.019129757,3.420277838,36.3,82.9,73.75000000000001,26,23
>CC245 ,defgabcdefgabcdefgabcdefga,LIQRIAAIRQQIAALSQIRAALVQEI,1.519761013,2.08232875,3.602089763,17.1,38.7,33.60384615384615,26,0
>CC246 ,defgabcdefgabcdefgabcdefga,LIQRIAAIRQYVAAASQICAALEQEI,0.837667657,1.276324031,2.113991687,4.5,10.4,9.369230769230771,14,0
>CC247 ,defgabcdefgabcdefgabcdefga,LIQRIAAISQLIAALSQKRAAMEQII,1.290591838,1.313142984,2.603734822,5.7,19.3,16.161538461538463,22,0
>CC248 ,defgabcdefgabcdefgabcdefga,LIQRIAALEQQIAALSQQRAALKQAI,0.891952123,1.20647764,2.098429763,40.3,97.3,86.3076923076923,26,24
>CC249 ,defgabcdefgabcdefgabcdefga,LIQRSAAIEQKIAALSQLRAALEQDI,1.549703936,1.244098227,2.793802163,18.6,61.0,51.161538461538456,26,18
>CC250 ,defgabcdefgabcdefgabcdefga,LIQTIAAIAQLRAACIQKIAALEQII,1.31498779,1.590530726,2.905518516,0.6,2.1,1.6423076923076927,0,0
>CC251 ,defgabcdefgabcdefgabcdefga,LIQTIAAIEQEIAALSQKRAALEQIL,1.49047511,1.51609667,3.00657178,32.1,90.1,77.55,26,22
>CC252 ,defgabcdefgabcdefgabcdefga,LIQTIAAIEQEIAALSQRRAALEQAI,1.784457346,1.994514792,3.778972137,34.9,91.0,79.32692307692308,26,23
>CC253 ,defgabcdefgabcdefgabcdefga,LIQTIAAIEQEIAARSQKRAALEQII,1.81993724,1.848084852,3.668022092,12.3,37.3,31.78076923076923,26,0
>CC254 ,defgabcdefgabcdefgabcdefga,LIQTIAAIEQEIAARSQKRAAVEQII,1.409754663,1.153746292,2.563500955,4.2,15.0,12.188461538461537,20,0
>CC255 ,defgabcdefgabcdefgabcdefga,LKQEIAAIEQVIAALRQQRAALEQEN,1.159781488,0.961426822,2.12120831,45.6,98.6,93.01538461538462,26,25
>CC256 ,defgabcdefgabcdefgabcdefga,LKQEIAAISQQIAASEQMRAALQQII,1.984771434,1.743206946,3.72797838,19.7,62.1,55.98846153846154,26,22
>CC257 ,defgabcdefgabcdefgabcdefga,LKQHQAAIVQQIAAVEQIRAALEQEI,1.322369211,1.255067941,2.577437151,14.2,36.8,30.542307692307695,26,0
>CC258 ,defgabcdefgabcdefgabcdefga,LKQIIAAIEQEIAAVLQKIAALQQAI,1.656893777,1.687360565,3.344254341,38.7,89.9,80.80384615384615,26,25
>CC259 ,defgabcdefgabcdefgabcdefga,LKQIIAAILQCIAACHQERAALEQRI,1.450896468,1.723400036,3.174296504,1.3,2.9,2.3038461538461528,0,0
>CC260 ,defgabcdefgabcdefgabcdefga,LKQIIAAIQQKIAALVQDRAALEQAI,1.433109012,1.955651818,3.38876083,31.4,71.9,64.58846153846153,26,23
>CC261 ,defgabcdefgabcdefgabcdefga,LKQIIAAISQEIAALMQIQAALEQEI,1.501051208,1.810916579,3.311967787,31.4,56.5,51.41538461538461,26,19
>CC262 ,defgabcdefgabcdefgabcdefga,LKQIIAAISQMIAALRQDDAALDQMI,0.913330212,1.9220924,2.835422612,1.5,5.9,4.723076923076924,0,0
>CC263 ,defgabcdefgabcdefgabcdefga,LKQIIAAISQQIAASEQMRAALQQII,2.006357699,1.823440313,3.829798012,7.0,22.8,19.66923076923077,25,0
>CC264 ,defgabcdefgabcdefgabcdefga,LKQIIAAISQQIAASEQNRAALQQII,1.922655383,1.798230228,3.720885611,7.0,22.1,19.15,25,0
>CC265 ,defgabcdefgabcdefgabcdefga,LKQIIAAISQQIAASEQNRAALQQVI,1.878091229,1.813003016,3.691094244,5.8,20.6,17.757692307692306,24,0
>CC266 ,defgabcdefgabcdefgabcdefga,LKQIIAAISQQIAASEQSRAALQQAI,1.954274154,1.817070886,3.77134504,9.5,23.0,20.265384615384615,25,0
>CC267 ,defgabcdefgabcdefgabcdefga,LKQIIAAISQQIAASEQVRAALQQII,1.971618099,1.836179166,3.807797265,3.6,12.5,10.696153846153846,19,0
>CC268 ,defgabcdefgabcdefgabcdefga,LKQIIAAVEQVIAALQQARAALIQSI,1.41227374,1.914978908,3.327252647,7.0,29.7,24.45000000000001,25,0
>CC269 ,defgabcdefgabcdefgabcdefga,LKQIKAAISQQIAASEQKRAALQQAI,1.648127812,1.101429992,2.749557804,14.0,34.3,29.296153846153842,26,0
>CC270 ,defgabcdefgabcdefgabcdefga,LKQKIAAIKQDTAAATQIRAALKQEI,1.481993901,1.565939667,3.047933568,16.5,28.3,26.53846153846154,26,0
>CC271 ,abcdefgabcdefgabcdefgabcde,LKQKIAAIKQVTAAASQLRAALKQLI,1.688920548,1.568107411,3.257027959,6.8,26.0,21.46538461538461,24,0
>CC272 ,defgabcdefgabcdefgabcdefga,LKQLIAAIEQVIAAFRQVVAACMQRI,0.858786133,0.796554147,1.65534028,0.4,3.1,2.153846153846154,0,0
>CC273 ,defgabcdefgabcdefgabcdefga,LKQLIAAIQQEQAAVVQRIAALEQAI,1.477106419,1.607508181,3.0846146,24.9,57.3,52.161538461538456,26,20
>CC274 ,abcdefgabcdefgabcdefgabcde,LKQLIAAISQDIAAKDQARAALSQIQ,1.119071638,1.213341107,2.332412744,1.8,4.8,4.076923076923077,0,0
>CC275 ,defgabcdefgabcdefgabcdefga,LKQQIAAISQRIAANEQSKAALEQLI,1.690816427,1.637292354,3.328108781,24.8,60.4,55.6076923076923,26,21
>CC276 ,defgabcdefgabcdefgabcdefga,LKQRIAAIEQVIAAFDQARAALEQRM,1.467355354,1.268194332,2.735549685,17.1,37.9,34.996153846153845,26,0
>CC277 ,defgabcdefgabcdefgabcdefga,LKQVIAAIEQVCAATQQKKAALEQSI,1.332136937,1.567769617,2.899906554,8.8,22.5,19.615384615384617,25,0
>CC278 ,defgabcdefgabcdefgabcdefde,LLQALAAIKQEIAALKQARAAMKQLE,1.196614874,0.81789129,2.014506164,17.4,57.3,47.05384615384615,26,14
>CC279 ,defgabcdefgabcdefgabcdefga,LLQEIAAEEQMEAALTQRRAALKQII,0.652338786,1.081667318,1.734006104,10.5,40.1,33.74615384615385,26,0
>CC280 ,defgabcdefgabcdefgabcdefga,LLQEIAAIKQEIAALEQIRAALEQEI,1.846822779,1.865022844,3.711845622,54.7,98.9,92.36153846153846,26,26
>CC281 ,defgabcdefgabcdefgabcdefga,LLQEIAAIKQELAALKQAIAALEQFI,0.996341189,1.073077145,2.069418334,8.1,97.1,84.2076923076923,25,24
>CC282 ,defgabcdefgabcdefgabcdefga,LLQEIAAIMQSIAAFLQERAALIQII,1.410666835,1.778679573,3.189346408,1.3,6.7,5.576923076923078,0,0
>CC283 ,defgabcdefgabcdefgabcdefga,LLQEIAAKIQKIAALEQIRAALVQEI,1.309211192,1.541892318,2.85110351,21.8,42.9,37.90769230769231,26,0
>CC284 ,defgabcdefgabcdefgabcdefga,LLQHQAAISQQIAAVKQAIAALQQII,1.281272668,1.158437363,2.439710031,4.6,19.3,14.83076923076923,19,0
>CC285 ,defgabcdefgabcdefgabcdefga,LLQHQAAISQQNAAVEQIRAALEQEI,1.451879647,1.068810858,2.520690504,6.9,32.6,25.70384615384616,24,0
>CC286 ,defgabcdefgabcdefgabcdefga,LLQIAAAIMQSIAAFLQERAALIQLI,1.19037942,1.156935648,2.347315068,0.3,1.5,1.0461538461538462,0,0
>CC287 ,defgabcdefgabcdefgabcdefga,LLQIIAAIMQSIAAFEQARAALKQII,1.591057792,1.865498697,3.456556488,1.4,5.0,3.876923076923077,0,0
>CC288 ,defgabcdefgabcdefgabcdefga,LLQIIAAIMQSIAALSQIRAALSQRI,1.420905916,2.052835327,3.473741243,1.1,3.1,2.5192307692307687,0,0
>CC289 ,dfgabcdefgabcdefgabcdefga,LLQIIAAISQCIAAKDQARAALQQQI,1.302594446,1.693686043,2.996280489,0.4,2.1,1.4960000000000004,0,0
>CC290 ,abcdefgabcdefgabcdefgabcde,LLQIIAAISQCNAAKDQARAALQQLI,1.179288062,1.491701529,2.67098959,0.7,6.8,4.846153846153846,0,0
>CC291 ,defgabcdefgabcdefgabcdefga,LLQIIAAISQQIAACEQVRAALEQII,2.058790799,1.779069733,3.837860532,2.6,8.5,6.93076923076923,0,0
>CC292 ,defgabcdefgabcdefgabcdefga,LLQKIAAIKQAIAALQQMQAALIQAI,1.453397358,1.842681194,3.296078552,12.7,44.1,36.919230769230765,26,0
>CC293 ,defgabcdefgabcdefgabcdefga,LLQLIAAIDQEIAACFQERAALEQII,1.524166195,1.724447883,3.248614077,1.9,5.6,4.792307692307693,0,0
>CC294 ,defgabcdefgabcdefgabcdefga,LLQLIAAIDQQIAALRQDRAALQQQI,1.112817619,2.005446504,3.118264123,36.2,82.4,73.32307692307693,26,23
>CC295 ,defgabcdefgabcdefgabcdefga,LLQLIAAIEQEIAALEQSRAALQQAV,0.978304076,0.885555283,1.863859359,33.7,93.6,81.43846153846152,26,24
>CC296 ,defgabcdefgabcdefgabcdefde,LLQLIAAIEQVIAAFTQMRAALQQWK,1.213415376,1.277505758,2.490921135,0.8,5.4,4.407692307692307,0,0
>CC297 ,defgabcdefgabcdefgabcdefga,LLQLIAAIQQAIAAFLQARAALDQAI,1.536091029,1.848650285,3.384741314,1.3,4.8,3.984615384615384,0,0
>CC298 ,decdefgabcdefgabcdefgabcde,LLQLIAAISQDIAAKDQARAALKQIQ,1.113207176,1.266576292,2.379783467,1.1,4.6,3.4538461538461536,0,0
>CC299 ,abcdefgabcdefgabcdefgabcde,LLQMIAAIEQLAAAVKQARAALKQLI,1.473324528,1.633812094,3.107136622,11.9,60.0,48.673076923076934,26,17
>CC300 ,defgabcdefgabcdefgabcdefga,LLQQIAAIKQAIAALQQKQAALIQAI,1.405391639,1.81083406,3.216225699,21.4,68.3,58.72692307692307,26,20
>CC301 ,defgabcdefgabcdefgabcdefga,LLQQIAAIKQAIAALQQMQAALIQAS,1.012519964,1.244841798,2.257361761,2.9,41.9,33.676923076923075,25,0
>CC302 ,defgabcdefgabcdefgabcdefga,LLQQIAAIKQAIAAQRQVIAALLQRI,1.711936383,1.590255707,3.30219209,14.4,30.1,26.992307692307694,26,0
>CC303 ,defgabcdefgabcdefgabcdefga,LLQQIAAIKQEIAACHQERAALQQLI,1.776811742,1.707187575,3.483999316,18.5,47.3,42.21153846153847,26,0
>CC304 ,defgabcdefgabcdefgabcdefga,LLQQIAAIKQLIAANEQSKAALEQEI,1.558323125,1.675456764,3.233779889,38.2,72.2,66.8,26,23
>CC305 ,defgabcdefgabcdefgabcdefga,LLQQIAAIKQQIAALVQIRAALSQII,1.709084102,1.98572046,3.694804562,6.2,29.5,23.83076923076923,24,0
>CC306 ,defgabcdefgabcdefgabcdefga,LLQQIAAIKQVIAALEQKIAALLQII,1.621856741,1.851658209,3.47351495,23.5,87.1,75.6,26,23
>CC307 ,defgabcdefgabcdefgabcdefga,LLQQIAAIRQAIAALQQMQAALIQAI,1.211776305,1.881882986,3.093659291,13.4,45.9,38.67307692307691,26,0
>CC308 ,defgabcdefgabcdefgabcdefga,LLQSIAAIEQAIAALEQSLAALKQII,1.081767651,1.567125628,2.648893279,27.6,87.4,75.05384615384614,26,22
>CC309 ,decdefgabcdefgabcdefgabcde,LLQSIAAIEQLAAAVKQARAALKQLI,1.473324528,1.629476601,3.102801129,7.0,51.1,39.54230769230769,24,9
>CC310 ,abcdefgabcdefgabcdefgabcde,LLQSIAAIEQLTAAVLQARAALDQLI,1.468057498,1.612823218,3.080880716,1.7,16.4,12.52692307692308,19,0
>CC311 ,defgabcdefgabcdefgabcdefga,LLQSIAAIEQVKAAFLQERAALEQEI,1.689172161,1.66798953,3.357161691,14.7,34.2,30.330769230769228,26,0
>CC312 ,defgabgabcdefgabcdefgabcde,LLQSIAALEQLAAAVKQARAALKQLI,0.633371301,0.846556024,1.479927325,13.0,59.7,47.71923076923077,26,16
>CC313 ,defdefgabcdefgabcdefgabcde,LLQSIAAQEQLAAACKQARAACKQLI,0.840906324,0.683726667,1.524632991,0.4,3.6,2.5230769230769234,0,0
>CC314 ,defgabcdefgabcdefgabcdefga,LLQSQAAIEQVIAALQQSVAALKQII,1.055450106,1.186847098,2.242297204,10.1,33.6,26.680769230769222,26,0
>CC315 ,defgabcdefgabcdefgabcdefga,LMQEIAAIEQKIAAVIQIRAALIQRI,1.574145908,1.807739565,3.381885473,10.2,27.0,22.36923076923077,26,0
>CC316 ,defgabcdefgabcdefgabcdefga,LMQEIAAILQVIAAVIQIRAALEQEI,1.516463005,1.731031959,3.247494964,5.4,10.7,9.81153846153846,18,0
>CC317 ,defgabcdefgabcdefgabcdefga,LMQIIAAISQQIAASEQNAAALMQLH,1.245969725,0.808050756,2.054020482,0.7,7.0,5.423076923076922,0,0
>CC318 ,abcdefgabcdefgabcdefgabcga,LNQAIAAIEQASAAFVQARAALEQSI,1.527763024,1.781484792,3.309247816,1.2,6.0,5.06153846153846,0,0
>CC319 ,efgabcdefgabcdefgabcdefgab,LNQCIAAISQVQAAEVQIRAALLQII,1.500398239,1.724075671,3.22447391,0.3,4.0,2.6076923076923078,0,0
>CC320 ,defgabcdefgabcdefgabcdefga,LNQEIAAIEQEIAALRQINAALEQQI,1.347738503,1.513586668,2.861325171,58.8,99.3,93.61153846153846,26,26
>CC321 ,dacdefgabcdefgabcdefgb,LNQHIAAEKQEGAAFRQLSAALAQII,0.727165131,0.987276093,1.714441223,0.1,0.9,0.7090909090909091,0,0
>CC322 ,defgabcdefgabcdefgabcdefga,LNQHIAAIEQRIAALKQIRAALIQAI,1.495264575,2.032638369,3.527902944,13.2,45.3,37.31153846153847,26,0
>CC323 ,defgabcdefgabcdefgabcdefga,LNQHIAAIEQVIAALQQERAALKQII,1.740925767,1.994853609,3.735779376,24.0,77.2,66.56923076923076,26,22
>CC324 ,defgabcdefgabcdefgabcdefga,LNQHIAAIHQAIAAFEQLQAALEQKI,1.447192268,1.587633722,3.03482599,8.3,21.6,17.76923076923077,24,0
>CC325 ,defgabcdefgabcdefgabcdefga,LNQHIAAIIQRIAALEQSIAALQQAI,1.478783687,1.889145838,3.367929525,33.6,78.1,67.78846153846153,26,22
>CC326 ,defgabcdefgabcdefgabcdefga,LNQHIAAIKQAIAAEEQIRAALLQII,1.493138718,1.756127698,3.249266416,1.7,9.7,7.353846153846153,0,0
>CC327 ,defgabcdefgabcdefgabcdefga,LNQHIAAIKQEGAAFRQVRAALEQLI,1.638343834,1.605032422,3.243376255,1.4,4.0,3.2807692307692315,0,0
>CC328 ,defgabcdefgabcdefgabcdefga,LNQHIAAIKQHIAALRQDRAALQQAI,1.488136547,1.99596493,3.484101477,21.7,51.1,44.80384615384616,26,9
>CC329 ,defgabcdefgabcdefgabcdefga,LNQHIAAIQQQVAALSQIRAALEQEI,0.906484409,0.706282601,1.612767009,40.3,78.3,71.29615384615384,26,23
>CC330 ,defgabcdefgabcdefgabcdefga,LNQKIAAIEQQIAALLQIRAALFQVI,1.472115043,1.98982916,3.461944202,4.5,49.5,37.41153846153846,24,0
>CC331 ,defgabcdefgabcdefgabcdefga,LNQKIAAIEQRIAAQQQARAALKQII,1.820733957,1.715042251,3.535776208,21.7,71.7,63.46923076923079,26,23
>CC332 ,defgabcdefgabcdefgabcdefga,LNQKIAAIEQRIAAVQQANAALKQGI,1.396557841,1.380347357,2.776905198,14.6,80.1,69.8076923076923,26,23
>CC333 ,defgabcdefgabcdefgabcdefga,LNQKIAAIMQTIAAQDQQRAALQQAI,1.482712855,1.679015224,3.161728079,10.0,23.7,21.47692307692308,25,0
>CC334 ,defgabcdefgabcdefgabcdefga,LNQKIAAIMQTIAAQDQQRAAVQQAI,1.072530278,0.952625382,2.02515566,3.0,8.2,7.2576923076923086,0,0
>CC335 ,defgabcdefgabcdefgabcdefga,LNQKIAAINQKAAAFRQVIAALLQRI,1.444766927,1.833781828,3.278548754,12.9,26.8,24.28076923076923,26,0
>CC336 ,defgabcdefgabcdefgabcdefga,LNQKIAAINQKAAAFRQVRAAFRQRI,1.007814876,1.033433676,2.041248552,1.8,5.6,4.484615384615386,0,0
>CC337 ,defgabcdefgabcdefgabcdefga,LNQKIAAINQKAAATRQVRAALRQRI,1.360878967,1.801810644,3.162689611,10.3,22.2,19.888461538461538,26,0
>CC338 ,defgabcdefgabcdefgabcdefga,LNQKIAAIQQKIAAVKQINAALRQRI,1.29031781,1.367370388,2.657688197,40.6,77.9,71.81153846153846,26,24
>CC339 ,defgabcdefgabcdefgabcdefga,LNQKIAAIQQKIAAVKQMFAALEQKI,1.214697766,1.489199412,2.703897178,50.5,88.7,82.83076923076925,26,26
>CC340 ,defgabcdefgabcdefgabcdefga,LNQKIAAIQQRIAAVVQRRAALEQAI,1.643046334,1.792465497,3.43551183,29.4,67.5,61.765384615384626,26,23
>CC341 ,abcdefgabcdefgabcdefgabcde,LNQLIAAISQLQAAEEQARAALQQAI,1.864949715,1.705480849,3.570430564,11.4,68.7,58.12692307692309,26,22
>CC342 ,afgabcdefgabcdefgabcdefgab,LNQLIAAISQLQAAEEQIRAALLQRI,1.769719701,1.696296406,3.466016107,1.7,39.0,28.515384615384622,24,0
>CC343 ,defgabcdefgabcdefgabcdefga,LNQRIAAIIQQIAASEQNRAALQQII,1.75374418,1.750583387,3.504327567,10.1,31.7,28.084615384615386,26,0
>CC344 ,defgabcdefgabcdefgabcdefga,LNQVIAAIAQEIAALEQIAAALEQEI,1.405720568,1.507550799,2.913271367,41.0,91.2,80.75384615384615,26,25
>CC345 ,defgabcdefgabcdefgabcdefga,LNQVIAAIAQEIAALEQIQAALQQRI,1.736197984,1.847273845,3.583471829,28.8,64.8,55.98076923076922,26,20
>CC346 ,defgabcdefgabcdefgabcdefga,LNQVIAAIAQEIAALEQIQAALSQII,1.600902331,1.864819962,3.465722293,5.8,27.4,21.52692307692307,24,0
>CC347 ,defgabcdefgabcdefgabcdefga,LNQVIAAIQQRIAAFRQKRAALEQEQ,1.332932872,1.348755664,2.681688537,18.3,67.3,59.2576923076923,26,21
>CC348 ,da,LNQVIAAISQCIAAIIQIRAALIQAI,1.355347672,1.678759454,3.034107126,0.0,0.1,0.05,0,0
>CC349 ,defgabcdefgabcdefgabcdefga,LQQAIAAIQQKIAAFRQVIAALLQRI,1.514761904,1.694861989,3.209623892,24.2,50.3,45.69615384615385,26,5
>CC350 ,defgabcdefgabcdefgabcdefga,LQQDIAAIEQEIAALSQKRAALEQII,1.944554365,1.997248149,3.941802514,33.0,97.6,89.11153846153846,26,24
>CC351 ,defgabcdefgabcdefgabcdefga,LQQELAAIGQEIAALKQAAAALKQAI,1.252990558,1.093438669,2.346429226,37.2,90.0,82.79230769230769,26,25
>CC352 ,defgabcdefgabcdefgabcdefga,LQQIIAAIEQEQAAVVQRRAALEQAI,2.045895592,1.775370702,3.821266293,16.7,40.5,36.43461538461539,26,0
>CC353 ,defgabcdefgabcdefgabcdefga,LQQIIAAIEQIIAASEQNRAALEQAI,1.943919282,1.785368885,3.729288167,17.6,43.3,38.93846153846154,26,0
>CC354 ,defgabcdefgabcdefgabcdefga,LQQIIAAIEQIIAASGQNRAALRQRI,1.543316964,1.816557426,3.35987439,2.1,4.9,4.1923076923076925,0,0
>CC355 ,defgabcdefgabcdefgabcdefga,LQQIIAAIEQQIAAFRQVIAALLQRI,1.87335281,1.685153622,3.558506432,26.0,54.0,48.557692307692314,26,16
>CC356 ,defgabcdefgabcdefgabcdefga,LQQIIAAIEQQIAASGQNKAALRQRI,1.550250755,1.797132902,3.347383658,12.2,24.8,22.076923076923073,26,0
>CC357 ,defgabcdefgabcdefgabcdefga,LQQIIAAIEQQIAASGQNRAALRQRD,1.292971438,1.235474792,2.52844623,0.6,12.1,9.849999999999998,15,0
>CC358 ,defgabcdefgabcdefgabcdefga,LQQIIAAIEQQIAAVLQIRAALMQVI,1.576785523,1.781964727,3.35875025,2.8,16.4,12.900000000000002,22,0
>CC359 ,defgabcdefgabcdefgabcdefga,LQQIIAAIEQQIAAVLQLRAALEQRI,1.968554446,1.736609838,3.705164284,39.0,73.1,67.19615384615385,26,24
>CC360 ,defgabcdefgabcdefgabcdefga,LQQIIAAIEQQRAAVLQIRAALIQII,1.506391568,1.689414892,3.195806459,1.1,8.1,6.184615384615384,0,0
>CC361 ,defgabcdefgabcdefgabcdefga,LQQIIAAIEQVIAAFEQNLAALLQRI,1.370718899,1.406878445,2.777597344,24.5,49.4,44.81153846153847,26,0
>CC362 ,defgabcdefgabcdefgabcdefga,LQQIIAAIIQRRAAVDQKRAALEQNI,1.629297891,1.693516728,3.322814619,5.7,13.4,11.742307692307692,22,0
>CC363 ,defgabcdefgabcdefgabcdefga,LQQIIAAIRQLIAALTQIRAALEQEI,1.623581022,1.919275509,3.542856531,35.6,63.9,58.649999999999984,26,23
>CC364 ,defgabcdefgabcdefgabcdefga,LQQIIAAISQQIAASEQMRAALIQAI,1.94625644,1.812786688,3.759043128,3.5,11.6,9.799999999999999,16,0
>CC365 ,defgabcdefgabcdefgabcdefga,LQQIIAALEQVIAAFEQNRAALLQII,0.920890652,1.079856084,2.000746735,8.2,33.7,28.603846153846156,25,0
>CC366 ,defgabcdefgabcdefgabcdefga,LQQIIAAMHQQIAAVEQIRAALEQEI,1.64937947,1.367905919,3.017285389,38.6,65.5,59.85769230769232,26,23
>CC367 ,defgabcdefgabcdefgabcdefga,LQQIIAAQEQIIAASGQNRAALRQRI,1.080826311,1.379986161,2.460812472,1.4,4.9,4.084615384615385,0,0
>CC368 ,defgabcdefgabcdefgabcdefga,LQQIIAASEQEIAALRQINAALEQVI,1.318369568,1.146080462,2.46445003,23.8,79.8,70.05384615384615,26,23
>CC369 ,defgabcdefgabcdefgabcdefga,LQQIKAAIMQEIAACIQKIAALEQII,1.414788357,0.991874569,2.406662926,5.6,16.3,14.126923076923077,23,0
>CC370 ,defgabcdefgabcdefgabcdefga,LQQKIAAIEQRIAALEQLQAAIEQAI,1.346246135,0.832153138,2.178399273,37.5,95.4,86.3423076923077,26,25
>CC371 ,defgabcdefgabcdefgabcdefga,LQQLIAAIEQEIAALEQALAALRQRI,1.233685277,1.551222476,2.784907753,53.0,99.4,92.30000000000003,26,26
>CC372 ,defgabcdefgabcdefgabcdefga,LQQQIAAIKQQIAASEQNRAALQQII,1.626240136,1.712623986,3.338864122,25.9,81.5,73.7653846153846,26,24
>CC373 ,defgabcdefgabcdefgabcdefga,LQQRIAAIEQVIAACRQKIAALEQII,1.945824719,1.651108425,3.596933143,25.6,74.9,68.74230769230766,26,24
>CC374 ,defgabcdefgabcdefgabcdefga,LQQTIAAIEQEIAALSQKRAANEQII,1.28790075,1.125467428,2.413368178,18.0,75.5,63.65384615384616,26,21
>CC375 ,defgabcdefgabcdefgabcdefga,LQQTIAAIQQEIAAFRQKKAALEQEI,1.721551303,1.777974077,3.499525379,59.5,96.7,91.29615384615387,26,26
>CC376 ,defgabcdefgabcdefgabcdefga,LQQTIAAIQQERAAEEQIRAALQQII,1.722272796,1.6714718,3.393744596,12.8,47.9,40.79230769230769,26,0
>CC377 ,degabcdefgabcdefgabcdefgga,LQQTIAAISQNQAAEEQIRAALLQRI,1.566426167,1.695136535,3.261562701,1.7,13.3,8.953846153846152,13,0
>CC378 ,defgabcdefgabcdefgabcdefga,LRQEIAAIEQQIAAVLQIRAALFQVI,1.575524472,1.805088724,3.380613196,2.8,35.1,25.576923076923077,22,0
>CC379 ,defgabcdefgabcdefgabcdefga,LRQEIAAIEQVEAAVIQMRAALIQQI,1.216963594,1.674552077,2.89151567,2.4,8.2,6.549999999999999,0,0
>CC380 ,defgabcdefgabcdefgabcdefga,LRQEIAAIEQVIAACHQERAALDQII,1.627901119,1.821680798,3.449581917,3.3,14.2,11.892307692307694,21,0
>CC381 ,defgabcdefgabcdefgabcdefga,LRQEIAAIEQVIAAVMQKRAALEQII,1.885714315,1.833188621,3.718902936,21.9,65.3,59.48461538461538,26,23
>CC382 ,defgabcdefgabcdefgabcdefga,LRQEIAAIKQEIAALGQDRAAHQQAI,1.015457887,1.077388997,2.092846883,16.7,57.2,47.888461538461534,26,15
>CC383 ,efgabcdefgabcdefgabcdefgab,LRQHIAAGSQIQAAEEQVRAALEQII,1.51115387,1.247857391,2.75901126,2.5,38.4,26.31923076923077,20,0
>CC384 ,afgabcdefgabcdefgabcdefgab,LRQHIAAISQAEAAEEQVRAALEQAH,1.667204427,1.186809102,2.854013529,5.6,41.2,29.919230769230772,23,0
>CC385 ,afgabcdefgabcdefgabcdefgaa,LRQHIAAISQIQAAEEQLRAALEQEI,2.102728235,1.620224748,3.722952983,6.3,46.9,33.7,24,0
>CC386 ,dfgabcdefgabcdefgabcdefgaa,LRQHIAAISQIQAAEEQVAAALEQEI,1.683343643,1.22731033,2.910653973,5.1,34.0,24.10384615384616,23,0
>CC387 ,defgacdefgabcdefgabcdefgaa,LRQHIAAISQLQAAEVQERAALEQII,1.845450782,1.698691803,3.544142585,1.4,7.4,5.550000000000001,0,0
>CC388 ,defgabcdefgabcdefgabcdefga,LRQHMAAIEQVKAAFRQARAALIQRI,1.333182739,1.132257517,2.465440255,1.2,5.2,4.065384615384616,0,0
>CC389 ,defgabcdefgabcdefgabcdefga,LRQHQAAISQQIAAVEQIKAALEQQI,1.705226453,1.291950014,2.997176467,19.5,49.9,41.98461538461538,26,0
>CC390 ,defgabcdefgabcdefgabcdefa,LRQIIAAIDQQSAAFDQERAALKQPI,1.875838488,1.812335373,3.688173861,0.2,2.9,2.4999999999999996,0,0
>CC391 ,defgabcdefgabcdefgabcdefga,LRQIIAAIGQRAAASIQDRAALQQAI,1.578961003,1.887879937,3.46684094,0.5,1.3,1.0692307692307694,0,0
>CC392 ,defgabcdefgabcdefgabcdefga,LRQIIAAIGQRAAASIQDRAALQQAL,1.316597538,1.396722962,2.7133205,0.6,1.4,1.1153846153846154,0,0
>CC393 ,defgabcdefgabcdefgabcdefga,LRQIIAAINQQIAAKSQARAALKQII,1.762405743,1.728902481,3.491308224,2.2,8.6,7.269230769230768,0,0
>CC394 ,defgabcdefgabcdefgabcdefga,LRQIIAAIQQQIAAEQQARAALKQII,1.991123906,1.763657853,3.754781759,11.9,41.0,35.29230769230769,26,0
>CC395 ,defgabcdefgabcdefgabcdefga,LRQIIAAIQQQIAAESQARAALKQII,1.981128485,1.757422238,3.738550722,4.9,17.8,15.219230769230773,23,0
>CC396 ,defgabcdefgabcdefgabcdefga,LRQIIAAISQRIAALSQLRAALKQLI,1.959518386,2.010551754,3.970070139,8.6,24.5,20.761538461538464,25,0
>CC397 ,defgabcdefgabcdefgabcdefga,LRQIIAAMHQQIAAQHQRRAALEQII,1.485834862,1.304887135,2.790721997,3.8,11.3,9.773076923076927,17,0
>CC398 ,defgabcdefgabcdefgabcdefga,LRQIIAAMHQQIAAVEQIRAALEQEI,1.740718282,1.410097367,3.150815649,30.8,59.1,53.02692307692309,26,20
>CC399 ,abcdefgabcdefgabcdefgabcde,LRQIKAAVAQEIAALEQIQAALKQLI,1.579071276,1.200618157,2.779689432,16.0,54.4,46.611538461538444,26,14
>CC400 ,defgabcdefgabcdefgabcdefga,LRQIMAAIEQMIAAFRQVRAALQQRI,1.574016963,1.22613123,2.800148193,9.5,20.2,17.9076923076923,25,0
>CC401 ,defgabcdefgabcdefgabcdefga,LRQIMAAIEQRIAAFRQVRAALQQRI,1.65608328,1.221795737,2.877879017,16.4,31.7,28.311538461538458,26,0
>CC402 ,defgabcdefgabcdefgabcdefga,LRQIMAAIEQRIAAFRQVRAALQQRQ,1.34594893,0.790833588,2.136782518,4.7,22.1,19.11153846153846,25,0
>CC403 ,defgabcdefgabcdefgabcdefga,LRQIRAAIEQQIAAILQIRAALFQVI,1.254118978,1.185445163,2.439564141,0.4,5.6,3.923076923076924,0,0
>CC404 ,defgabcdefgabcdefgabcdefga,LRQIRAAIKQEIAALKQARAALKQII,1.659147819,1.463233378,3.122381197,16.4,59.8,50.119230769230775,26,17
>CC405 ,defgabcdefgabcdefgabcdefga,LRQKIAAIEQLIAAEEQERAALRQER,1.616452773,1.337218733,2.953671505,31.3,93.4,86.42307692307693,26,25
>CC406 ,defgabcdefgabcdefgabcdefga,LRQKIAAIEQLIAAEEQRRAALRQEI,1.819074353,1.744404438,3.563478791,55.3,92.6,87.33461538461538,26,26
>CC407 ,defgabcdefgabcdefgabcdefga,LRQKIAAIEQLIAAVVQLRAALQQAI,1.931898153,1.801813259,3.733711411,13.6,42.2,36.457692307692305,26,0
>CC408 ,defgabcdefgabcdefgabcdefga,LRQKIAAIEQMIAALTQRRAALKQII,1.793781025,2.043815919,3.837596944,27.0,86.9,77.98846153846152,26,24
>CC409 ,defgabcdefgabcdefgabcdefga,LRQKIAAIEQQIAAISQLRAALKQEI,2.172944485,1.594117514,3.767061998,51.7,88.2,82.59999999999998,26,26
>CC410 ,defgabcdefgabcdefgabcdefga,LRQKIAAIEQQIAASEQNIAALQQIR,1.567772065,1.280402538,2.848174602,13.0,92.7,82.41923076923075,26,24
>CC411 ,defgabcdefgabcdefgabcdefga,LRQKIAAIGQLIAAVLQKIAALQQAS,1.154162778,1.085977222,2.24014,2.8,26.6,23.476923076923075,25,0
>CC412 ,defgabcdefgabcdefgabcdefga,LRQKIAAIIQLIAAVEQKRAALQQEQ,1.51401156,1.316155324,2.830166884,19.0,71.3,65.13461538461539,26,24
>CC413 ,defgabcdefgabcdefgabcdefga,LRQKIAAIKQEIAALKQARAALVQLI,1.874635623,1.954141807,3.82877743,21.6,81.9,69.98846153846152,26,22
>CC414 ,defgabcdefgabcdefgabcdefga,LRQKIAAIQQKIAAVDQKRAALQQNI,1.677377654,1.777506746,3.4548844,35.7,82.5,75.8076923076923,26,25
>CC415 ,defgabcdefgabcdefgabcdefga,LRQKIAAISQLIAALSQKRAAMEQII,1.539585841,1.292607209,2.832193051,11.6,38.4,33.95,26,0
>CC416 ,defgabcdefgabcdefgabcdefga,LRQKIAALEQMIAALTQRRAALKQII,0.953827798,1.260895341,2.214723139,29.6,95.5,85.85,26,24
>CC417 ,defgabcdefgabcdefgabcdefda,LRQKTAAIGQLIAAVVQQRAAIEQII,1.137795687,0.764969241,1.902764928,0.6,2.2,1.8000000000000005,0,0
>CC418 ,defgabcdefgabcdefgabcdefga,LRQLIAAIEQLIAAEEQVRAALEQEI,1.956894353,1.677568518,3.634462871,35.9,74.6,67.63076923076923,26,24
>CC419 ,defgabcdefgabcdefgabcdbcda,LRQRIAAIDQMIAALAQIQAALKQLI,1.576989697,1.78671351,3.363703206,7.6,25.2,20.81153846153846,25,0
>CC420 ,defgabcdefgabcdefgabcdefga,LSQDIAAIEQRIAAQQQMRAALKQII,1.711546508,1.730893251,3.442439759,16.2,53.7,46.42692307692308,26,15
>CC421 ,defgabcdefgabcdefgabcdefga,LSQDIAAIEQRIAAQSQARAALKQII,1.677100104,1.726825381,3.403925485,7.2,24.9,21.192307692307697,25,0
>CC422 ,defgabcdefgabcdefgabcdefga,LSQDIAAIEQRRAAQQQARAALKQII,1.600639321,1.682193975,3.282833296,8.6,31.9,26.411538461538466,25,0
>CC423 ,defgabcdefgabcdefgabcdefga,LSQDIAATEQVIAAFKQERAAHEQAG,0.961481363,0.348861283,1.310342645,0.3,6.3,5.15,0,0
>CC424 ,defgabcdefgabcdefgabcdefga,LSQEIAAIQQQIAASEQNRAALIQAI,1.783344653,1.787914562,3.571259215,15.5,50.9,43.28846153846154,26,8
>CC425 ,defgabcdefgabcdefgabcdefga,LSQIIAAIEQEIAAISQKVAALEQII,1.771944321,1.422597855,3.194542176,28.5,83.6,71.5,26,22
>CC426 ,defgabcdefgabcdefgabcdefga,LSQIIAAIEQSIAALSQKRAALEQII,1.821511317,2.023465249,3.844976566,20.2,60.0,50.973076923076924,26,18
>CC427 ,dfgabcdefgaba,LSQIIAAIMQIIAAFLQRRAALIQII,1.469294333,1.826819971,3.296114304,0.1,0.6,0.4923076923076922,0,0
>CC428 ,defgabcdefgabcdefgabcdefga,LSQIIAAIMQIIAAVVQRRAALEQAI,1.762216821,1.80438244,3.566599261,1.1,3.4,2.7230769230769223,0,0
>CC429 ,defgabcdefgabcdefgabcdefga,LSQIIAAIVQSIAALSQKLAALEQII,0.999009764,1.619426019,2.618435783,12.2,36.8,29.530769230769238,26,0
>CC430 ,defgabcdefgabcdefgabcdefga,LSQKIAAIEQMIAALTQRRAAFKQII,1.029953922,1.187591909,2.21754583,9.1,42.7,34.846153846153854,25,0
>CC431 ,defgabcdefgabcdefgabcdefga,LSQKIAAIKQVIAALLQERAALIQIC,1.06248055,1.411633312,2.474113862,1.8,25.5,20.8923076923077,24,0
>CC432 ,defgabcdefgabcdefgabcdefga,LSQKLAAIEQMIAALHQRRAALKQII,1.41227987,1.626867912,3.039147782,20.8,67.3,59.14615384615384,26,21
>CC433 ,defgabcdefgabcdefgabcdefga,LSQQIAAISQRIAALSQLRAALSQII,1.504628738,2.049752688,3.554381425,4.8,20.4,17.01923076923077,24,0
>CC434 ,defgabcdefgabcdefgabcdefga,LSQRIAAIEQEIAAFTQERAALQQAI,1.837598929,1.808738608,3.646337537,36.0,84.5,75.86923076923075,26,24
>CC435 ,defgabcdefgabcdefgabcdefga,LSQRIAAIEQKIAALSQLRAALKQDI,1.831446856,1.990569411,3.822016267,38.5,80.8,72.56923076923076,26,24
>CC436 ,defgabcdefgabcdefgabcdefga,LTQKIAAIKQKAAAVIQDRAALKQRI,1.243057949,1.629569584,2.872627532,19.3,36.8,33.6576923076923,26,0
>CC437 ,defgabcdefgabcdefgabcdefga,LVQEIAAFKQEIAALKQLRAALKQII,1.161221913,1.467824142,2.629046055,22.1,72.8,62.49615384615384,26,22
>CC438 ,defgabcdefgabcdefgabcdefga,LVQHIAAIKQHIAAFRQKRAALEQEI,1.777718143,1.773441369,3.551159512,11.7,40.3,34.52307692307692,26,0
>CC439 ,defgabcdefgabcdefgabcdefga,LVQIIAAIEQRIAACHQARAALQQAI,1.641100879,1.774384099,3.415484978,1.6,5.4,4.449999999999998,0,0
>CC440 ,defgabcdefgabcdefgabcdefga,LVQIIAAIEQRIAAFTQERAALFQAI,1.667750182,1.861203175,3.528953357,2.3,10.7,8.100000000000001,11,0
>CC441 ,defgabcdefgabcdefgabcdefga,LVQIIAAIRQIIAAISQDRAALQQAI,1.211776852,1.742699557,2.954476409,1.7,6.4,5.265384615384617,0,0
>CC442 ,defgabcdefgabcdefgabcdefga,LVQKIAAIEQKQAAVVQRRAADEQAI,1.250048935,0.912331302,2.162380237,1.6,6.6,5.103846153846153,0,0
>CC443 ,defgabcdefgabcdefgabcdefga,LVQLIAAIEQVIAASEQIRAALQQAI,1.736645228,1.871744028,3.608389256,4.7,17.2,14.184615384615382,22,0
>CC444 ,abcdefgabcdefgabcdefgabcda,LVQLLAAIEQVIAASEQIRAALQQAI,1.633641257,1.442448137,3.076089394,5.4,20.0,16.719230769230766,23,0
>CC445 ,defgabcdefgabcdefgabcdefga,LWQEIAAIKQEVAAIKQAIAAHEQII,0.75898301,0.564040144,1.323023154,5.4,41.4,33.33846153846154,24,0
>CC446 ,defgabcdefgabcdefgabcdefga,MEQEIAAIEQRIAACEQDRAALRQRI,1.688481608,1.244229488,2.932711096,41.6,90.6,83.85384615384615,26,24
>CC447 ,dbcdefgabcddefgabcda,MEQIIAAIMQSIAAFLQRRAAHIQRI,0.810331032,0.465075469,1.2754065,0.2,0.8,0.6499999999999999,0,0
>CC448 ,defgabcdefgabcdefgabcdefga,MIQTIAAIDQEIAALHQKRAALDQII,1.043677297,1.5424059,2.586083196,2.6,18.2,14.16153846153846,21,0
>CC449 ,defgabcdefgabcdefgabcdefga,MLQQIAAIKQAIAATEQLQAALEQII,1.311284766,1.000309801,2.311594567,7.7,40.7,33.088461538461544,25,0
>CC450 ,defgabcdefgabcdefgabcdefga,MQQEIAAIMQTIAAQDQQRAALQQAI,1.186094254,1.147730249,2.333824503,12.1,29.5,26.669230769230772,26,0
>CC451 ,defgabcdefgabcdefgabcdefga,PSQAIAAIKQEIAALEQARAALQQAI,1.449617055,1.465119729,2.914736784,1.6,84.9,69.56153846153846,25,22
>CC452 ,defgabcdefgabcdefgabcdefga,PSQAIAAIKQEIAALEQIRAALLQII,1.426356889,1.493884224,2.920241112,0.9,48.4,36.846153846153854,25,0
>CC453 ,aa,QEQLIAACKQAGAAFRQSRAALIQAI,0.973763712,0.705068317,1.678832029,0.1,0.1,0.1,0,0
>CC454 ,defgabcdefgabcdefgabcdefga,QIQEIAAIEQEIAAVDQARAALQQAI,1.664062706,1.282409427,2.946472132,8.8,63.3,54.0576923076923,25,21
>CC455 ,defgabcdefgabcdefgabcdefga,QKQLIAAIQQEIAALEQKRAALKQAI,1.679913171,1.330239782,3.010152953,21.5,95.7,82.21923076923076,26,23
>CC456 ,defgabcdefgabcdefgabcdefga,RFQKIAAISQQIAACIQKIAALEQII,1.525066341,1.319151673,2.844218014,0.4,17.3,14.203846153846152,21,0
>CC457 ,defgabcdefgabcdefgabcdefga,RIQRIAAIEQQIAALEQLRAALEQRA,1.72192615,1.424170825,3.146096975,4.7,96.3,81.97692307692309,25,23
>CC458 ,defgabcdefgabcdefgabcdefga,RIQRIAAIEQQIAALSQLRAALEQRA,1.798566895,1.483168138,3.281735032,4.0,82.4,69.99615384615385,25,22
>CC459 ,defgabcdefgabcdefgabcdefga,RIQRIAAIQQKIAALSQLRAALKQLI,1.583568228,1.602080221,3.185648449,2.2,48.5,39.6576923076923,25,0
>CC460 ,defgabcdefgabcdefgabcdefga,RIQRIAAIQQKIAAVSQDRAALQQAI,1.414981341,1.443434399,2.85841574,1.8,35.7,29.957692307692305,24,0
>CC461 ,ebcdefgabcdefgabcdefgaefga,RQQKEAAIKQERAAFRQVRAALRQNI,1.343958375,0.671544806,2.01550318,1.6,9.1,7.407692307692307,0,0
>CC462 ,defgabcdefgabcdefgabcdefga,RQQKIAAIEQRIAALKQLRAALSQAI,1.56820195,1.605110708,3.173312658,10.2,77.1,65.17307692307693,26,22
>CC463 ,defgabcdefgabcdefgabcdefga,RQQKIAAIQQRIAALKQLRAALQQAI,1.595306761,1.572062874,3.167369635,11.2,85.7,75.11923076923077,26,24
>CC464 ,defgabcdefgabcdefgabcdefga,SAQKIAAIQQRIAAFLQARAALKQSI,1.277086378,1.381083912,2.658170291,1.3,14.3,11.823076923076922,21,0
>CC465 ,defgabcdefgabcdefgabcdefga,TEQEIAAISQVIAAFMQMRAALQQAI,1.833606438,1.299624208,3.133230646,1.6,5.7,5.096153846153846,0,0
>CC466 ,defgabcdefgabcdefgabcdefga,TKQIIAAISQHIAALRQQRAALEQEN,1.189620343,1.417497591,2.607117934,9.3,63.7,52.63846153846154,25,19
>CC467 ,defgabcdefgabcdefgabcdefga,TKQIMAAISQHIAALQQKRAALEQSI,0.919167091,0.759768949,1.678936039,5.7,42.9,33.996153846153845,25,0
>CC468 ,defgabcdefgabcdefgabcdefga,TLQIIAAIMQSIAAITQKIAALSQAI,1.106823023,1.100157135,2.206980158,0.5,6.1,4.669230769230769,0,0
>CC469 ,defgabcdefgabcdefgabcdefga,TLQQIAAIKQVIAALEQKIAALLQII,1.496108341,1.334129124,2.830237464,11.5,78.4,64.97307692307692,26,21
>CC470 ,defgabcdefgabcdefgabcdefga,TNQRIAAIEQQLAAVSQLRAALKQII,1.293908078,0.723716518,2.017624596,6.4,39.4,32.39615384615385,25,0
>CC471 ,defgabcdefgabcdefgabcdefga,TNQRIAAIEQRIAACDQERAALVQLI,1.681106498,1.214919866,2.896026364,2.9,15.5,12.411538461538463,20,0
>CC472 ,defgabcdefgabcdefgabcdefga,TQQKIAAIMQEIAAFTQERAALFQAI,1.414339414,1.247281271,2.661620685,3.2,15.0,12.02692307692308,20,0
>CC473 ,defgabcdefgabcdefgabcdefga,VEQEIAAIEQRKAAQDQCRAALQQAI,1.598290049,1.272623512,2.870913561,7.8,24.7,20.492307692307687,24,0
>CC474 ,defgabcdefgabcdefgabcdefga,VEQKIAAIEQQIAALVQRRAALEQII,1.835291045,1.560244278,3.395535323,31.8,94.6,85.0346153846154,26,23
>CC475 ,defgabcdefgabcdefgabcdefga,VEQKIAAQEQQIAALQQRRAALEQII,1.486177354,1.083084559,2.569261912,33.3,98.4,88.52692307692308,26,23
>CC476 ,defgabcdefgabcdefgabcdefga,VIQEIAAVEQQIAALRQDRAALQQQI,1.312959885,1.432846084,2.745805969,17.7,97.3,86.85769230769232,26,24
>CC477 ,dfgabcdefgabcdefgaba,VIQQIAAIQQRQAAVFQIRAALIQII,1.421318388,1.394500577,2.815818964,0.1,1.0,0.7099999999999999,0,0
>CC478 ,efgabcdefgabcdefgabcdefgaa,VNQKIAAIEQLQAAEEQIRAALLQRI,1.686050003,1.272269505,2.958319508,4.0,43.9,30.576923076923077,23,0
>CC479 ,defgabcdefgabcdefgabcdefga,VNQKIAAISQQIAALSQARAALQQEI,1.642762553,1.574123961,3.216886514,20.4,73.7,66.49999999999999,26,23
>CC480 ,defgabcabcdefgabcdefgabcda,VRQKIAAIEQLIAAVVQLRAALEQII,2.027795325,1.379913274,3.407708598,8.7,35.8,29.62692307692308,24,0
>CC481 ,defgabcdefgabcdefgabcdefga,VRQKIAAISQIIAALSQKRAAMEQII,1.42284813,0.889249895,2.312098024,5.3,17.5,14.850000000000003,23,0
>CC482 ,abcdefgabcdefgabcdefgabcdb,VVQLIAAIEQVIAASEQIRAALQQAD,1.519247012,1.373212224,2.892459236,2.1,14.9,11.884615384615387,20,0
>CC483 ,defgabcdefgabcdefgabcdefga,WEQIIAAIEQRIAAFRQVRAALLQRR,1.825663251,1.392003989,3.21766724,2.4,11.0,8.892307692307693,12,0
>CC484 ,defgabcdefgabcdefgabcdefga,WEQIIAAIEQRIAAFRQVRAALQQRI,2.027833281,1.397175709,3.425008989,7.3,32.7,28.75384615384615,25,0
>CC485 ,defgabcdefgabcdefgabcdefga,LRQKIAAIEQVIAALQQLRAALEQEI,2.214736458,2.005086757,4.219823215,58.0,96.2,90.73846153846154,26,26
