pdbID,bundleID,Molecule,gene,organism,CC_length,from_p,to_p,chain1,chain2,poschain1,poschain2,pub_Title
2r2v,2r2v_0,GCN4 LEUCINE ZIPPER,,SACCHAROMYCES CEREVISIAE,24,,,ADKLEEVASKLYHNANELARVAKLL,,abcdefgabcdefgdefdefgabcd,,SEQUENCE DETERMINANTS OF THE TOPOLOGY OF THE LAC REPRESSORTETRAMERIC COILED COIL
3gp4,3gp4_0,"TRANSCRIPTIONAL REGULATOR, MERR FAMILY",LMOF2365_2715,LISTERIA MONOCYTOGENES STR. 4B F2365,24,,,RIELKNRIDVMQEALDRLDFKIDNY,,abcdefgabcdefgabcdefgabcd,,CRYSTAL STRUCTURE OF PUTATIVE MERR FAMILY TRANSCRIPTIONAL REGULATORFROM LISTERIA MONOCYTOGENES
6icr,6icr_1,CORONIN-LIKE PROTEIN,,LEISHMANIA DONOVANI,25,,,LSEKVRTAHQEISALRKALQEKEAEM,,defgabcdefgabcdefgabcdefga,,LDCOROCC MUTANT- C482A
5lcy,5lcy_1,FRMR,SL1344_1558,SALMONELLA ENTERICA SEROVAR TYPHIMURIUM,25,,,CLAILQQIAAVRGASNGLMSEMVEIH,,defgabcdefgabcdefgabcdefga,,FORMALDEHYDE-RESPONSIVE REGULATOR FRMR E64H VARIANT FROM SALMONELLAENTERICA SEROVAR TYPHIMURIUM
4i1l,4i1l_0,FORKHEAD BOX PROTEIN P3,FOXP3,MUS MUSCULUS,24,,,CLLQREVVQSLEQQLELEKEKLGAM,,abcdefgabcdefgabcdefgabcd,,STRUCTURAL AND BIOLOGICAL FEATURES OF FOXP3 DIMERIZATION RELEVANT TOREGULATORY T CELL FUNCTION
2hh7,2hh7_1,HYPOTHETICAL PROTEIN CSOR,,MYCOBACTERIUM TUBERCULOSIS,25,,,CVDVMKQISAVQSSLERANRVMLHNH,,defgabcdefgabcdefgabcdefga,,CRYSTAL STRUCTURE OF CU(I) BOUND CSOR FROM MYCOBACTERIUM TUBERCULOSIS.
1zww,1zww_1,SH3-CONTAINING GRB2-LIKE PROTEIN 2,"SH3GL2, SH3D2A",MUS MUSCULUS,26,,,DEELRQALEKFDESKEIAESSMFNLLE,,defgabcdefgabcdefgabcddefga,,CRYSTAL STRUCTURE OF ENDOPHILIN-A1 BAR DOMAIN
5n5e,5n5e_10,PFC_05175,,PYROCOCCUS FURIOSUS COM1,25,,,EELMEILRLAIIAELDAINLYEQMAR,,defgabcdefgabcdefgabcdefga,,CRYSTAL STRUCTURE OF ENCAPSULATED FERRITIN DOMAIN FROM PYROCOCCUSFURIOSUS PFC_05175
6jx6,6jx6_3,"DIABLO HOMOLOG, MITOCHONDRIAL","DIABLO, SMAC",HOMO SAPIENS,25,,,EEVHQLSRKAETKLAEAQIEELRQKT,,defgabcdefgabcdefgabcdefga,,TETRAMERIC FORM OF SMAC
3n96,3n96_0,MALTOSE BINDING PROTEIN-CRFR2 ALPHA,CRFR2 ALPHA,HOMO SAPIENS,26,,,EFAALLHSLLEANCSLALAEELLLDGW,,defgabcdefgabcdefgabcdefgab,,CRYSTAL STRUCTURE OF HUMAN CRFR2 ALPHA EXTRACELLULAR DOMAIN IN COMPLEX WITH UROCORTIN 1
5dol,5dol_0,INITIATION-CONTROL PROTEIN YABA,,BACILLUS SUBTILIS (STRAIN 168),24,,,FDTVINLEEQIGSLYRQLGDLKQHI,,abcdefgabcdefgabcdefgabcd,,CRYSTAL STRUCTURE OF YABA AMINO-TERMINAL DOMAIN FROM BACILLUS SUBTILIS
5yps,5yps_0,VACUOLAR PROTEIN SORTING-ASSOCIATED PROTEIN 75,,PNEUMOCYSTIS CARINII B80,26,,,IELEFEKADVELLKHQVELFNPLYEKR,,defgabcdefgabcdefgabcddefga,,THE STRUCTURAL BASIS OF HISTONE CHAPERONEVPS75
2fgg,2fgg_0,HYPOTHETICAL PROTEIN RV2632C/MT2708,,MYCOBACTERIUM TUBERCULOSIS,24,,,IGDELAIARALSDLANQLFALTSSD,,abcdefgdefdefgabcdabcabcd,,CRYSTAL STRUCTURE OF RV2632C
2n9b,2n9b_0,"UNCONVENTIONAL MYOSIN-X, GENERAL CONTROL PROTEIN GCN4      ",,"BOS TAURUS, SACCHAROMYCES CEREVISIAE (STRAIN    ",24,,,KERQELSLTEASLQKLQLEDKVEEL,,abcdefgabcdefgabcdefgabcd,,SOLUTION NMR STRUCTURE OF ANTIPARALLEL MYOSIN-10:GCN4 TANDEM COILED-COIL
3qao,3qao_0,MERR-LIKE TRANSCRIPTIONAL REGULATOR,LMO0526,LISTERIA MONOCYTOGENES,25,,,LDXQRHLLIEKKQRIETXLATLDLTI,,defgabcdefgabcdefgabcdefga,,THE CRYSTAL STRUCTURE OF THE N-TERMINAL DOMAIN OF A MERR-LIKETRANSCRIPTIONAL REGULATOR FROM LISTERIA MONOCYTOGENES EGD-E
3tfc,3tfc_0,3-DEOXY-D-ARABINO-HEPTULOSONATE 7-PHOSPHATE SYNTHASE,"AROA, LMO1600",LISTERIA MONOCYTOGENES,24,,,VDQLNIDLLELISKRANLVQEIGKI,,abcdefgabcdefgabcdefgabcd,,1.95 ANGSTROM CRYSTAL STRUCTURE OF A BIFUNCTIONAL 3-DEOXY-7-PHOSPHOHEPTULONATE SYNTHASE/CHORISMATE MUTASE (AROA) FROM LISTERIAMONOCYTOGENES EGD-E IN COMPLEX WITH PHOSPHOENOLPYRUVATE
4c1a,4c1a_0,ORF1-ENCODED PROTEIN,,DANIO RERIO,25,,,LELELEEVESQIRALVVRRSRLRERL,,defgabcdefgabcdefgabcdefga,,COILED COIL DOMAIN OF THE ZFL2-1 ORF1 PROTEIN FROM THEZEBRAFISH ZFL2-1 RETROTRANSPOSON
5gpk,5gpk_0,PUTATIVE NUCLEOSOME ASSEMBLY PROTEIN C36B7.08C,,SCHIZOSACCHAROMYCES POMBE 972H-,26,,,LEQEFGKAEIEILKKQNELFQPLFEQR,,defgabcdefgabcdefgabcddefga,,CRYSTAL STRUCTURE OF CCP1 MUTANT
4fin,4fin_0,ETTA (YJJK) ABCF FAMILY PROTEIN,"B4391, JW4354, YJJK, YJJK",ESCHERICHIA COLI,25,,,LEQKDQRLAQEASQEAARRKSIEKEL,,defgabcdefgabcdefgabcdefga,,CRYSTAL STRUCTURE OF ETTA (FORMERLY YJJK) - AN E. COLI ABC-TYPE ATPASE
2ayu,2ayu_0,NUCLEOSOME ASSEMBLY PROTEIN,NAP1,SACCHAROMYCES CEREVISIAE,25,,,LFEVEKEFQVEMFELENKFLQKYKPI,,abcdefgabcdefgabcdefgaabcd,,THE STRUCTURE OF NUCLEOSOME ASSEMBLY PROTEIN SUGGESTS A MECHANISM FORHISTONE BINDING AND SHUTTLING
3nym,3nym_1,UNCHARACTERIZED PROTEIN,"NMB0500, NMB1774",NEISSERIA MENINGITIDIS SEROGROUP B,25,,,LFXAXIYAGNLSLIFDSIKTDISTLL,,defgabcdefgabcdefgabcdefga,,THE CRYSTAL STRUCTURE OF FUNCTIONALLY UNKNOWN PROTEIN FROM NEISSERIAMENINGITIDIS MC58
5eon,5eon_0,ACC-HEX,,,25,,,LKAIAQEFKAIAKEFKAIAWEFKAIA,,defgabcdefgabcdefgabcdefga,,CRYSTAL STRUCTURE OF A DE NOVO ANTIPARALLEL COILED-COIL HEXAMER - ACC- HEX
3mqc,3mqc_0,BONE MARROW STROMAL ANTIGEN 2,BST2,HOMO SAPIENS,24,,,LRAVXECRNVTHLLQQELTEAQKGF,,abcdefgabcdefgabcdefgabcd,,CRYSTAL STRUCTURE OF ECTODOMAIN OF BST-2/TETHERIN/CD317 (P21)
2qbv,2qbv_0,CHORISMATE MUTASE,RV0948C,MYCOBACTERIUM TUBERCULOSIS,25,,,LREEIDRLDAEILALVKRRAEVSKAI,,defgabcdefgabcdefgabcdefga,,CRYSTAL STRUCTURE OF INTRACELLULAR CHORISMATE MUTASE FROMMYCOBACTERIUM TUBERCULOSIS
4jnu,4jnu_0,NUCLEOPORIN P54,NUP54,HOMO SAPIENS,25,,,LREIKQHLKQQQEGLSHLISIIKDDL,,defgabcdefgabcdefgabcdefga,,"CRYSTAL STRUCTURE OF THE HUMAN NUP57CCS3* COILED-COIL SEGMENT, SPACEGROUP P21REVDAT202-SEP-15 4JNU1"
2esh,2esh_0,CONSERVED HYPOTHETICAL PROTEIN TM0937,,THERMOTOGA MARITIMA,25,,,LREILRSLEDMKRRIETLEERIKRVL,,defgabcdefgabcdefgabcdefga,,CRYSTAL STRUCTURE OF CONSERVED PROTEIN OF UNKNOWN FUNCTION TM0937- APOTENTIAL TRANSCRIPTIONAL FACTOR
3g9g,3g9g_2,SUPPRESSOR OF YEAST PROFILIN DELETION,"SYP1, YCR030C, YCR30C/YCR29C",SACCHAROMYCES CEREVISIAE,24,,,LRFQTSFSDYLLNTTKECETVMTKF,,abcdefgabcdefgabcdefgabcd,,CRYSTAL STRUCTURE OF THE N-TERMINAL EFC/F-BAR DOMAIN OF SYP1
5go2,5go2_0,PROTEIN AROA(G),"AROA, BSU29750",BACILLUS SUBTILIS SUBSP. SUBTILIS STR. 168,25,,,LRQKADELNLQILKLINERGNVVKEI,,defgabcdefgabcdefgabcdefga,,CRYSTAL STRUCTURE OF CHORISMATE MUTASE LIKE DOMAIN OF BIFUNCTIONALDAHP SYNTHASE OF BACILLUS SUBTILIS IN COMPLEX WITH CITRATE
2vz4,2vz4_0,HTH-TYPE TRANSCRIPTIONAL ACTIVATOR TIPA,,STREPTOMYCES LIVIDANS,25,,,LRRQHELLSARIGKLQKMAAAVEQAM,,defgabcdefgabcdefgabcdefga,,THE N-TERMINAL DOMAIN OF MERR-LIKE PROTEIN TIPAL BOUND TO PROMOTER DNA
3plt,3plt_1,SPHINGOLIPID LONG CHAIN BASE-RESPONSIVE PROTEIN LSP1,"LSP1, YPL004C",SACCHAROMYCES CEREVISIAE,24,,,LVKTEKGVLRAMEVVASERREAAKQ,,abcdefgabcdefgabcdefgabcd,,CRYSTAL STRUCTURE OF LSP1 FROM SACCHAROMYCES CEREVISIAE
2q13,2q13_2,DCC-INTERACTING PROTEIN 13 ALPHA,"APPL1, APPL, DIP13A, KIAA1428",HOMO SAPIENS,24,,,LYQAMHRIYDAQNELSAATHLTSKL,,abcdefdabcdefgabcdefgabcd,,CRYSTAL STRUCTURE OF BAR-PH DOMAIN OF APPL1
4nqi,4nqi_3,SH3 DOMAIN-CONTAINING PROTEIN,DDB_G0274805,DICTYOSTELIUM DISCOIDEUM,24,,,NQFLEKEIELSADTXSKFSTNLNTH,,abcdefgabcdefgabcdefgabcd,,STRUCTURE OF THE N-TERMINAL I-BAR DOMAIN (1-259) OF D.DISCOIDEUM IBARA
1hvv,1hvv_2,SYNTAXIN 1A,STX1A,RATTUS NORVEGICUS,25,,,SIRELHDMFMDMAMLVESQGEMIDRI,,defgabcdefgabcdefgabcdefga,,SELF-ASSOCIATION OF THE H3 REGION OF SYNTAXIN 1A:IMPLICATIONS FOR SNARE COMPLEX ASSEMBLY
4ua1,4ua1_0,REGULATORY PROTEIN,MERR,BACILLUS MEGATERIUM,25,,,TILKIEDIQRKIEDLKRIERMLMDLK,,defgabcdefgabcdefgabcdefga,,CRYSTAL STRUCTURE OF DUAL FUNCTION TRANSCRIPTIONAL REGULATOR MERR FORM BACILLUS MEGATERIUM MB1 IN COMPLEX WITH MERCURY (II) ION
1q06,1q06_0,TRANSCRIPTIONAL REGULATOR CUER,,ESCHERICHIA COLI,25,,,TLEKVAEIERHIEELQSMRDQLLALA,,defgabcdefgabcdefgabcdefga,,"CRYSTAL STRUCTURE OF THE AG(I) FORM OF E. COLI CUER, ACOPPER EFFLUX REGULATOR"
5dec,5dec_0,GTP PYROPHOSPHOKINASE YJBM,"YJBM, BSU11600",BACILLUS SUBTILIS (STRAIN 168),24,,,VKLRLQRASEAASRLDEEMSEIRGE,,abcdefgabcdefgabcdefgabcd,,CRYSTAL STRUCTURE OF THE SMALL ALARMONE SYNTHETASE 1 FROM BACILLUSSUBTILIS
1zww,1zww_2,SH3-CONTAINING GRB2-LIKE PROTEIN 2,"SH3GL2, SH3D2A",MUS MUSCULUS,25,,,VQAQLEYHKQAVQILQQVTVRLEERI,,defgabcdefgabcdefgabcdefga,,CRYSTAL STRUCTURE OF ENDOPHILIN-A1 BAR DOMAIN
1q08,1q08_0,ZN(II)-RESPONSIVE REGULATOR OF ZNTA,,ESCHERICHIA COLI,25,,,VQERLQEVEARIAELQSMQRSLQRLN,,defgabcdefgabcdefgabcdefga,,"CRYSTAL STRUCTURE OF THE ZN(II) FORM OF E. COLI ZNTR, AZINC-SENSING TRANSCRIPTIONAL REGULATOR, AT 1.9 ARESOLUTION (SPACE GROUP P212121)"
4wii,4wii_0,"SPLICING FACTOR, PROLINE- AND GLUTAMINE-RICH","SFPQ, PSF",HOMO SAPIENS,25,,,WKSLDEMEKQQREQVEKNMKDAKDKL,,abcdefgabcdefgabcdefgaabcd,,"HUMAN SPLICING FACTOR, CONSTRUCT 3"
5c1f,5c1f_3,SEPTATION PROTEIN IMP2,,SCHIZOSACCHAROMYCES POMBE (STRAIN 972 / ATCC    ,24,,,WTFTLLISRSCFNDDQACERIRKNL,,abcdefgabcdefgabcdefgabcd,,STRUCTURE OF THE IMP2 F-BAR DOMAIN
3vjf,3vjf_1,WA20,,SYNTHETIC CONSTRUCT,25,,,XNQVDNHLQSESDTVHHFHNKLQELX,,defgabcdefgabcdefgabcdefga,,CRYSTAL STRUCTURE OF DE NOVO 4-HELIX BUNDLE PROTEIN WA20
3gyv,3gyv_0,"NUCLEOSOME ASSEMBLY PROTEIN 1, PUTATIVE",PFL0185C,PLASMODIUM FALCIPARUM,25,,,YYDYESKFEYELFLLRQKYHDLYGPI,,abcdefgabcdefgabcdefgaabcd,,CRYSTAL STRUCTURE OF NUCLEOSOME ASSEMBLY PROTEIN FROM PLASMODIUMFALCIPARUM
